,RF,XGB,LightGBM,SARIMAX,DLinear,LSTM,Persistence,Climatology,y_true
2020-12-17,20.986177176508445,16.659536361694336,16.6261275753511,15.537988384104123,-5.643689176817134,-10.14374618945476,16.72460416666667,19.514398431392948,5.3834023
2020-12-18,54.78880232022156,69.66962432861328,74.69344741750653,46.75777620911033,32.48724993814142,24.024559713377926,16.72460416666667,21.479940190616187,
2020-12-19,32.715280775761954,34.86357879638672,31.52537753025289,17.415809239298177,23.614673423371414,-6.607238328366748,16.72460416666667,25.59379994517343,12.262332
2020-12-20,17.40689803095111,21.704483032226562,21.665042314658766,9.614636756109554,4.411873861242611,2.072382604784252,16.72460416666667,11.371886439388035,11.02414
2020-12-21,38.97150905015821,32.409969329833984,39.07635289029146,25.651060340418535,26.165949448541483,14.450952086961934,16.72460416666667,11.371886439388035,
2020-12-22,19.674239334442294,22.789817810058594,22.865742303442232,13.767299196032548,21.498867790528266,10.279482194469892,16.72460416666667,13.339412523350711,-6.7901545
2020-12-23,29.932997068908232,30.15151023864746,29.12061645832826,14.792266826792654,65.45491324533123,40.79036502796646,16.72460416666667,12.59912940725,
2020-12-24,17.11440926440538,21.387432098388672,20.300147575609024,2.930776207648684,65.93360341033622,5.979746811179666,16.72460416666667,27.59957374176118,6.3858185
2020-12-25,16.782255357089216,17.596349716186523,16.571795053231355,1.6352739211641882,52.12750445033839,7.513416743073321,16.72460416666667,27.59957374176118,7.593224
2020-12-26,40.7181493967565,31.609560012817383,41.102179473672464,22.14664853961466,16.810099738692998,11.282529609251014,16.72460416666667,27.59957374176118,9.762994
2020-12-27,46.84032634265166,40.56037139892578,41.253867026897254,21.373276798842678,33.99134439550983,24.23850245679239,16.72460416666667,27.59957374176118,1.53295
2020-12-28,29.671695135258435,27.041080474853516,25.15364604530449,10.98349185450228,41.75324369575583,9.925566924310715,16.72460416666667,27.59957374176118,23.294025
2020-12-29,17.775545249917947,19.5488338470459,18.41620475677784,4.558978915287534,28.48818247155839,11.646282350680849,16.72460416666667,27.59957374176118,9.194152
2020-12-30,18.596881504133293,16.51889991760254,17.219321762748162,2.8501582428565335,24.9609301611884,18.402571003623848,16.72460416666667,14.186544502375,14.723248
2020-12-31,21.051106004461268,15.843429565429688,16.52529023115144,2.4552764426364213,46.514473143959435,21.24200388546035,16.72460416666667,8.39403965740625,-12.785287
2021-01-01,31.779193048721638,20.167522430419922,25.771950120005922,22.418494297605246,64.25551702613893,25.376633338312672,16.72460416666667,8.39403965740625,64.55988
2021-01-02,21.007306961370734,14.959275245666504,17.48209800125343,0.20918011755774124,48.017381503500246,17.134293938268343,16.72460416666667,3.186423562223485,1.6290325
2021-01-03,22.214944417107155,13.606831550598145,17.32012330881177,3.8187225519800947,42.75725927795838,12.206573078661677,16.72460416666667,0.5191562894992506,15.563456
2021-01-04,21.04483327008235,13.987286567687988,18.408764009953483,9.507168229677271,57.6204616671007,14.81529092207984,16.72460416666667,-5.440845133449356,-0.24756537
2021-01-05,19.960601475224298,12.440956115722656,16.932762112842763,7.675486051757799,46.84275516153639,12.284675626777698,16.72460416666667,-8.955198833448717,5.1208277
2021-01-06,22.308336729864397,11.935026168823242,16.570707717116107,3.5422931967958338,43.72285141114537,10.22109910233985,16.72460416666667,-13.921301114937839,12.944847
2021-01-07,22.443169986664376,11.2628812789917,15.965062211487174,0.323413319591328,60.46455547753885,6.8675118231894885,16.72460416666667,-12.114724494577235,-6.7525415
2021-01-08,21.50809470800645,10.42894172668457,15.565890575286009,3.194907335275291,75.76614110754326,6.854339553022783,16.72460416666667,-16.15914272478745,-3.3765059
2021-01-09,23.679574038761263,11.127067565917969,13.438353515680431,4.947574350212408,68.35112488056302,2.5848696026500875,16.72460416666667,-15.15959680547772,13.155946
2021-01-10,21.386855573698195,9.219919204711914,10.727851366696658,3.2523831250197954,40.83232729583278,9.21937596253747,16.72460416666667,-14.97517509500726,5.579348
2021-01-11,26.803244597927115,12.04413890838623,14.433882482995438,15.927772341056556,21.48669800022992,16.511953323153307,16.72460416666667,-13.203372864074073,3.2135167
2021-01-12,46.73595443280345,28.987260818481445,37.433060707237,30.60231542555171,39.192711192504305,12.019535003092642,16.72460416666667,-11.65764194527838,
2021-01-13,40.02912552454017,28.97736930847168,33.98097761869797,24.53786345176313,-0.7790188294861764,8.011629763017027,16.72460416666667,-9.112583946767222,
2021-01-14,30.551242025378205,24.133588790893555,24.223284543385965,15.607250705366791,11.154590550380362,7.621246853317189,16.72460416666667,-6.74702424371324,9.855206
2021-01-15,19.717776677468226,19.435468673706055,19.123203817185463,4.059462602168933,24.616268587020386,4.938710880831877,16.72460416666667,-7.98635474915857,13.666399
2021-01-16,29.242091718063854,20.949337005615234,22.657381041407334,18.585825655105737,31.774708391596164,14.58171033066128,16.72460416666667,-7.414062858958125,4.6290755
2021-01-17,17.91846115484173,15.512785911560059,17.05485095382317,7.502563969881583,10.147497976315435,2.8865743116725753,16.72460416666667,-6.1851249456181385,15.785242
2021-01-18,19.9817008924961,13.53797435760498,16.895897761451806,10.786413819468608,0.967974367050374,-0.5635181155084865,16.72460416666667,-3.9243363173713126,12.143702
2021-01-19,47.689574978232585,37.93265914916992,49.82738086979382,36.66317264655318,-24.46789447317451,0.7130236127395619,16.72460416666667,-1.4670204813272787,
2021-01-20,60.42821789399906,67.84147644042969,80.171051850146,48.71764099007633,-5.327814354576731,6.465162215782584,16.72460416666667,0.7105135467745733,
2021-01-21,25.873462640496893,32.86037826538086,27.694017728562425,10.739945062465923,1.8105025909208052,-0.05519312471869853,16.72460416666667,2.5618903845581165,13.687858
2021-01-22,16.951142701209513,22.402132034301758,21.769990630617453,7.242683021081474,10.077969830477741,2.2833021434153125,16.72460416666667,2.0455513798545693,-0.44474995
2021-01-23,19.849250735251843,19.633176803588867,19.250728202472832,3.099525306799137,-13.445427082673632,7.016220113449435,16.72460416666667,4.411588707522464,-0.25834814
2021-01-24,25.96843644058369,21.614755630493164,21.949626536007145,7.487159265923088,-5.053500251837249,14.38148143765693,16.72460416666667,4.078434441320824,17.562222
2021-01-25,19.132561014119386,18.183778762817383,19.250728202472832,2.918420032834957,-7.640784871649885,6.686816913485018,16.72460416666667,5.797692854295633,3.2620773
2021-01-26,19.01368176529615,18.382417678833008,18.75015103112223,12.021665553295502,14.172095758139903,13.800710815677121,16.72460416666667,5.612989836050377,13.939591
2021-01-27,18.54866132151774,16.91023063659668,17.276114445465534,11.655893958005384,-2.4377084801712954,9.575542871105881,16.72460416666667,5.4783966911599355,
2021-01-28,45.23015364333796,36.289527893066406,37.082069276059386,30.16852078426766,25.770268511563245,8.76312799255038,16.72460416666667,4.894329253586622,
2021-01-29,36.61994543984314,32.70701217651367,36.077430354211735,20.891107506095132,5.488257176107027,7.225125418709467,16.72460416666667,3.7376748799817885,22.985527
2021-01-30,36.136055945349426,33.78675079345703,33.64976597562755,25.9516715894938,37.40140347075999,48.620892931522576,16.72460416666667,3.9596733606285186,
2021-01-31,29.870760606491213,24.771093368530273,25.11207598194495,12.40756580758728,32.514867748464894,47.63837177891196,16.72460416666667,3.7889628390476147,
2021-02-01,24.24804055444401,20.476428985595703,21.615576744999263,11.219035324988063,12.978606843999842,46.17968381719072,16.72460416666667,3.2223151624796413,
2021-02-02,46.30910428742188,37.01158142089844,44.7436837910122,26.130151799168058,3.7554489306032792,22.141561250852305,16.72460416666667,1.9665618199272152,
2021-02-03,22.06932333094784,23.470073699951172,27.78687220623672,9.709440298074313,-1.8379565834961795,7.792905533754947,16.72460416666667,2.468803290263008,-4.8596497
2021-02-04,21.582400023306366,20.20635986328125,22.238901825357505,9.315712814821897,30.692531837381466,16.564610873463494,16.72460416666667,0.9629688617113715,2.5925727
2021-02-05,19.973972058320836,17.942829132080078,19.792811893129326,9.023771117243953,33.63291842962474,8.125480316651647,16.72460416666667,1.652403435943185,-15.5541
2021-02-06,23.565412827937283,18.08522605895996,19.771968138295772,4.841467469452608,15.143180664925694,8.54773856218435,16.72460416666667,1.9028123372505652,-5.105296
2021-02-07,23.289438793106548,19.048280715942383,20.705386178348448,13.299695041031157,20.90835614307457,15.239381637751194,16.72460416666667,2.7466326842397057,44.37719
2021-02-08,27.235055126446152,20.95681381225586,21.76382594545581,15.801018753504644,26.53585617369606,16.93832535286367,16.72460416666667,4.278832599825202,51.99632
2021-02-09,31.074592148704244,21.61763572692871,27.958786718693013,20.720140176470544,33.67518023587911,21.59322794694424,16.72460416666667,3.456919386245931,228.35106
2021-02-10,23.143941746177248,19.288820266723633,22.620805645116583,13.962267814428476,-1.3652905713356631,15.763482935220509,16.72460416666667,7.755470436880666,114.28358
2021-02-11,29.295525665354393,20.474470138549805,23.414627880487423,19.13650395279906,-19.736949932520474,32.38757135245157,16.72460416666667,10.04699480059748,46.950417
2021-02-12,34.95882416356642,25.296518325805664,30.6090701886703,21.550391880823188,25.9554184751878,37.90727233950412,16.72460416666667,11.258130772514555,13.49182
2021-02-13,34.256938379984966,25.79728889465332,30.233630874254253,18.398551697268193,14.0048791485342,42.54006056153946,16.72460416666667,12.035895505062843,55.17817
2021-02-14,48.885262108500456,43.265785217285156,47.13374743800661,27.778232919626436,12.489528353846481,56.28205366967768,16.72460416666667,13.293494213716855,
2021-02-15,26.378394041477453,24.023855209350586,29.201625135993957,16.165719687758163,15.550656737376357,9.5021921332077,16.72460416666667,13.158540315509562,-21.052523
2021-02-16,34.003091654407264,27.03287124633789,28.436015990032033,24.605400459234062,-3.1180445495024287,6.881978692705161,16.72460416666667,13.753173472066855,-7.6941385
2021-02-17,52.68016856754086,43.91211700439453,53.32153308510802,32.94367173227445,20.40285775602092,11.07303450084919,16.72460416666667,15.979839350972409,-15.670388
2021-02-18,34.245333359130456,33.329246520996094,33.06584376556217,17.938853334634715,15.908685791713197,3.729592183434306,16.72460416666667,15.357832913245382,-2.0265148
2021-02-19,59.13177286268498,54.809539794921875,60.16962025542536,32.714484772183745,55.41141520550218,21.61131153383883,16.72460416666667,21.333410428642335,
2021-02-20,58.28158718949307,59.39756774902344,60.40129894956195,36.538260423675396,63.391314464171046,59.61934902808116,16.72460416666667,19.814170340971327,
2021-02-21,29.277958564666967,36.532657623291016,31.58434942175169,11.777613783094722,31.124609006916216,73.38750213123012,16.72460416666667,21.27910179719491,1.7114369
2021-02-22,23.295520748309112,22.340761184692383,23.788778445542384,10.640048601787177,24.91457172697983,23.083925712195764,16.72460416666667,22.26419906626181,
2021-02-23,50.59043665141427,42.949398040771484,49.99886255073427,24.284677337176692,30.69482938028051,18.751287474391688,16.72460416666667,23.211240228388228,23.873886
2021-02-24,51.5720497824383,40.048587799072266,46.638166565415816,31.339557732761318,37.191044059640944,12.885788892968776,16.72460416666667,23.88433560410764,
2021-02-25,23.21282108907262,22.866670608520508,28.722056686336597,12.195663346183466,35.13107219685742,7.765255265711403,16.72460416666667,22.52260137480324,
2021-02-26,21.179112978651734,20.397903442382812,24.086300355846276,9.354233759427597,50.200009235690914,12.4005663799594,16.72460416666667,22.25529734996599,
2021-02-27,21.900531137860927,19.79908561706543,22.122240351253595,10.716573699844087,72.95452356444093,21.19659831717661,16.72460416666667,20.90918560243757,
2021-02-28,21.741619771137287,19.036149978637695,21.36859904448355,14.223892209128376,70.85049915661875,24.547494387651682,16.72460416666667,18.5218125802672,
2021-03-01,21.92818741505194,19.00566864013672,21.657086145221783,16.534366560025422,66.80541035243414,22.814333744044347,16.72460416666667,17.838665611999012,
2021-03-02,20.426708561320023,17.402767181396484,21.269906807925178,12.073120144917976,65.06011608570225,23.03198594118078,16.72460416666667,20.62510453713307,31.830784
2021-03-03,18.810366852741215,17.402767181396484,20.204255374964116,9.809229392805474,64.3301994579233,17.896746184642666,16.72460416666667,22.58400004648032,40.49496
2021-03-04,18.79525382827404,15.780252456665039,16.802765569245775,9.166039569921786,66.48722454052495,-0.42031836402566114,16.72460416666667,21.21511867756692,34.85376
2021-03-05,19.789102767256256,16.60784912109375,18.041944998304647,12.57567616640885,70.96740630012027,-3.6864738189492527,16.72460416666667,20.840501705675543,53.51813
2021-03-06,19.868502858663124,16.261056900024414,17.61461338748511,6.795516068586275,62.99740757343534,-3.1684411877690764,16.72460416666667,18.504415849552668,62.454567
2021-03-07,19.73602485325521,14.97788143157959,16.982850844354903,3.8045964173282893,40.64029536819055,0.22704437117090492,16.72460416666667,20.03529402590436,8.314043
2021-03-08,19.767846552587134,11.119606971740723,16.18246790119534,6.939452895955377,36.92876064268523,1.0847665174865142,16.72460416666667,18.238680090859514,27.132624
2021-03-09,19.398594725279057,10.512201309204102,16.317014783394274,11.41049529334741,30.601660885872718,8.692129048311926,16.72460416666667,14.824796949713885,-8.224103
2021-03-10,52.13417388221345,42.5683479309082,48.267064990246276,31.36853988602895,39.15544416568656,20.692772893751567,16.72460416666667,12.169223819278569,-27.2028
2021-03-11,50.733610807566315,42.21461486816406,50.497164024754376,27.494372919813603,29.04881122350963,25.101516138842385,16.72460416666667,9.85861695405046,19.608755
2021-03-12,49.3926530236392,45.041053771972656,54.624939321989416,26.318975896023606,34.56592301186424,15.355650755212537,16.72460416666667,11.125701016434,
2021-03-13,47.03205329372086,47.16267395019531,54.87288428564867,25.821729597687902,14.215924808591808,23.266058035217497,16.72460416666667,10.281569554391782,
2021-03-14,40.612937180236344,38.505516052246094,42.74202944805549,21.353923701837946,54.645698639852526,23.375562963816833,16.72460416666667,9.891961788110526,
2021-03-15,26.410270421108102,23.788373947143555,27.71378843647627,18.332382652729493,38.939903111399644,22.75241925197099,16.72460416666667,10.249961380165885,
2021-03-16,22.058528306049052,19.487640380859375,22.84980464941605,17.078921161230348,27.79052881752625,19.561469261806565,16.72460416666667,10.27116483122593,
2021-03-17,20.408545461566824,16.588062286376953,20.780150884001927,12.040076509696124,31.370958465409217,8.789324154734913,16.72460416666667,7.283417624885802,
2021-03-18,18.796873072835687,16.588062286376953,18.20176250732127,10.962266672484805,18.93666278732985,10.112137608710782,16.72460416666667,5.522920558155936,
2021-03-19,19.662546926609046,17.165618896484375,18.1519494149678,18.88725516172175,46.418308338307725,16.393870282821922,16.72460416666667,4.881342214119427,
2021-03-20,18.561256561261377,14.280677795410156,17.168406084966254,15.097059317273473,4.9096398920128195,9.02303457703374,16.72460416666667,3.522205883211401,
2021-03-21,18.78560497424693,12.377147674560547,17.03558208349669,15.986053792972871,5.567185077676186,4.610847104162076,16.72460416666667,2.5482439535652555,
2021-03-22,18.3306429847359,11.1608247756958,16.296645049490884,10.882659340153001,2.9241881724133236,0.8357508891308498,16.72460416666667,3.5350030204464065,13.402057
2021-03-23,19.040093958211415,11.800174713134766,17.049658531174565,17.21078756573888,-19.558862768782546,0.9534926597198137,16.72460416666667,3.8715637904398963,
2021-03-24,18.457337683939375,10.730379104614258,15.744362078170306,13.763577610429554,-14.520790297764506,3.5458481027703783,16.72460416666667,5.006398771461721,8.349991
2021-03-25,21.229684866714592,12.195592880249023,16.899571596886926,17.553788018057286,-22.345248607668054,0.7290187771886849,16.72460416666667,6.508285096863304,
2021-03-26,36.52314855612169,24.052810668945312,28.02600077320302,26.016709018708415,-10.200007474055838,12.370289818680703,16.72460416666667,7.493518630085829,
2021-03-27,24.477911194682317,18.7635498046875,22.614529309063105,18.86647568135985,-24.158722633809703,9.30530174855312,16.72460416666667,6.395207250687616,
2021-03-28,35.1280445028408,23.21213150024414,29.386754084257536,28.054767088569083,-8.843719909692936,15.963113678812192,16.72460416666667,5.779816455480347,
2021-03-29,24.024950878330888,18.21793556213379,20.724874160091076,19.758797555087327,-2.3675849670112257,20.3184778848439,16.72460416666667,5.710843462178504,
2021-03-30,23.14509407838354,18.79893684387207,20.277514559669378,22.518839815454076,-0.46899381576531596,58.04692643315411,16.72460416666667,5.417816921013624,54.72225
2021-03-31,22.97252052399027,18.349531173706055,19.573084442583866,25.030728579286578,5.68717106776694,64.82423934242979,16.72460416666667,5.774504406415545,
2021-04-01,23.856259710405062,19.10117530822754,20.327886509606675,28.563901974368566,16.24139689703418,76.597017937273,16.72460416666667,5.994905387193517,
2021-04-02,22.65755909406529,17.87489891052246,19.030648287744636,25.763363577505817,13.366964391967485,66.8993411395818,16.72460416666667,7.096678950198977,
2021-04-03,21.544823215579097,17.277231216430664,20.123693072802347,21.795366512919266,12.559071337499063,72.36175285967056,16.72460416666667,7.744263997119593,
2021-04-04,21.65690360727699,15.293082237243652,18.884513643743475,17.487665440200875,-6.962403684430228,8.969195565713107,16.72460416666667,9.407163998207558,
2021-04-05,23.26195775041797,13.337965965270996,21.81576173601866,20.881101589561556,-25.70467456697679,13.85139308188036,16.72460416666667,11.52569773470725,15.770389
2021-04-06,21.531935055131466,10.655654907226562,18.049503633975412,16.99075381518743,-31.304354622046958,7.515074868887041,16.72460416666667,11.944628867933517,6.536958
2021-04-07,20.852227227075044,9.629910469055176,15.601007854288879,18.09793291008597,-22.61118305444961,11.011609656667133,16.72460416666667,14.249466833065396,4.2239356
2021-04-08,20.328496340924623,9.459380149841309,15.491562171087383,22.202604864850233,-13.274480617350491,11.543834657787556,16.72460416666667,14.643828265888892,63.523483
2021-04-09,19.450220652890145,9.105134963989258,12.248581651286969,19.558363890639175,-24.05732842577345,8.993177184025626,16.72460416666667,24.161825529378685,26.504848
2021-04-10,19.521821531412634,10.0658540725708,11.957381736603967,22.286700960353553,-17.678863399591137,7.028056980276233,16.72460416666667,26.513354774807578,34.23342
2021-04-11,19.694665072381124,8.904740333557129,10.496054788601468,16.657337478244198,-23.1293529354175,5.114538987253127,16.72460416666667,26.206686794890846,37.537914
2021-04-12,19.34501419927924,8.014986991882324,10.022892567001211,20.661006585261152,-28.73867386071106,8.826641259177904,16.72460416666667,26.811369932806016,
2021-04-13,19.834255459475656,8.671117782592773,10.690060894373673,19.65584617818231,-12.801436240910334,7.029796714071836,16.72460416666667,26.616330374055945,
2021-04-14,20.218428297274276,9.238713264465332,10.959988263755124,20.251167240955443,-8.475233905313871,2.172092720830733,16.72460416666667,28.228241136960037,
2021-04-15,20.397678975432743,10.307605743408203,11.061687550101574,20.84025298305536,-1.2918396781869887,-0.4630661087176122,16.72460416666667,32.90454587682889,
2021-04-16,20.32792945092464,10.400782585144043,11.030737458302442,18.872997392347898,3.0891976570544557,2.3601694434419187,16.72460416666667,35.798930445641076,
2021-04-17,20.198560206481595,10.328861236572266,11.220124151157435,18.79726458995914,-10.136275349658717,4.533486446790448,16.72460416666667,34.6664445929076,7.9166765
2021-04-18,20.115867638970144,8.756083488464355,10.084716244048767,18.685691651005794,-15.848789568043685,5.805083473227114,16.72460416666667,34.17642725484861,1.2256322
2021-04-19,19.797356196743692,9.534017562866211,11.516861730338553,19.176696829954274,-15.549733408978682,3.6329312383472825,16.72460416666667,32.63717876634675,
2021-04-20,20.14118020428818,11.530532836914062,12.588934937041419,22.371465473378013,-19.710954080836927,8.109882063750774,16.72460416666667,31.962594713445405,
2021-04-21,20.032344934201085,13.194648742675781,12.764612897502177,27.053067330150487,6.290580485811915,7.805614122206407,16.72460416666667,32.37708674899153,
2021-04-22,19.9989030796744,12.295835494995117,12.561750349233828,23.08524898282672,10.350855793534265,1.9073341708790394,16.72460416666667,31.75822678677147,14.969255
2021-04-23,20.345799130041176,14.446621894836426,14.226317342346345,24.12570695097629,25.979750636877043,7.509833410777901,16.72460416666667,32.152185100090904,5.84167
2021-04-24,22.089790946640747,18.992572784423828,16.492192444245102,28.556277056127765,14.033627414879447,12.252837385482053,16.72460416666667,22.54762458263801,17.451466
2021-04-25,22.574854500898894,21.134315490722656,20.12051428845934,29.990536848046677,-12.905226756050979,17.35586146380831,16.72460416666667,22.834228408603273,62.69273
2021-04-26,20.612261269828874,17.384517669677734,16.84749297515993,22.426453205843398,18.01132008175307,11.329331786861076,16.72460416666667,23.547233626849604,
2021-04-27,19.225688473711887,14.77052116394043,15.768744191648727,18.848179582387722,3.6370338941637783,10.639069219369958,16.72460416666667,25.22474963294058,26.351114
2021-04-28,19.319165944460753,12.841782569885254,16.394209638234923,24.825777457511197,9.491471811951214,12.784817562656826,16.72460416666667,25.775347154340878,
2021-04-29,18.874393687828906,11.749610900878906,15.499521135752795,19.09211813049018,10.137274721857693,12.632084515108545,16.72460416666667,33.43075449167932,
2021-04-30,21.62207333649212,14.104920387268066,15.365520357323376,16.621952142801344,17.21218412015878,6.873495172043022,16.72460416666667,28.902953043581974,
2021-05-01,18.94683923331337,11.479870796203613,13.018014502647409,17.50168266055407,-6.883592630653311,12.165194122393132,16.72460416666667,30.577811235794563,
2021-05-02,18.03735792794262,10.101036071777344,11.120458627506341,18.632901955672747,-36.01507151155511,9.15092912245973,16.72460416666667,32.64062846955,17.739332
2021-05-03,45.91464672006544,35.557701110839844,38.644478633250955,36.58997719140562,-14.80053875020667,10.131760618899989,16.72460416666667,41.25823311181504,
2021-05-04,41.47340608437836,35.86732482910156,39.24046927778143,28.689757850321495,-14.689882036226663,24.3372889188621,16.72460416666667,46.417671960924835,
2021-05-05,20.962044406020638,20.01820945739746,22.219397290430564,19.251732280518397,-27.330906497594697,16.01553011463045,16.72460416666667,48.907296387850536,5.5396986
2021-05-06,18.45648290431129,15.649528503417969,18.024069338571618,14.450256041521438,-12.87862255395703,12.016856777505382,16.72460416666667,47.70296111337822,-5.447409
2021-05-07,18.262829280235966,14.643959999084473,16.26348955365473,19.21408819567012,-49.66437742690596,12.929263690590233,16.72460416666667,50.23750131681252,-1.7404813
2021-05-08,52.927094306807106,44.36030960083008,53.236667811268724,50.12371769855986,1.4484599076567974,19.47870578508889,16.72460416666667,50.946315601251285,
2021-05-09,33.53552948766453,31.129362106323242,33.82523579038575,30.371563442726515,27.107157487687118,25.2618201814372,16.72460416666667,50.62722244148849,-0.28821573
2021-05-10,29.886464245774828,25.134244918823242,25.198016122791433,21.99423435666892,14.15640291416912,23.94946924168414,16.72460416666667,51.96036959126044,-3.8847358
2021-05-11,23.455801706648643,21.942033767700195,21.843645522607833,18.91298083083814,50.47135392072596,52.770977823307476,16.72460416666667,56.44959594649683,3.5462713
2021-05-12,26.923875543807846,24.92376136779785,22.869177335986066,20.345878031754857,53.464523257342535,112.9926458528289,16.72460416666667,57.30756274675161,
2021-05-13,31.328698688819408,26.07819938659668,26.100241668016146,28.29086487690248,53.22897665545133,70.36991346076184,16.72460416666667,59.81881219560148,
2021-05-14,22.038345940913914,21.753318786621094,21.02077207560249,20.213809287780677,48.37402507687193,44.678163720705356,16.72460416666667,53.98521792921476,2.553448
2021-05-15,22.222891801605297,21.426326751708984,20.733665760694173,21.464796312466756,20.445892056012894,55.2986515218081,16.72460416666667,54.895623460715534,-2.9074664
2021-05-16,26.83910288707268,24.063114166259766,21.96649783762441,22.08757049350007,41.736176499181056,114.83933061814332,16.72460416666667,52.50642331224402,-7.0895953
2021-05-17,24.42417108820144,24.48922348022461,22.983619358875046,19.679694042442797,8.090318404821119,57.4453346474329,16.72460416666667,55.075504998949725,-17.33483
2021-05-18,20.149006882554374,18.310813903808594,18.06649625288997,20.16565177888855,-17.784189628572676,53.96554433375377,16.72460416666667,49.213419221447964,5.324239
2021-05-19,18.5005590210382,15.419157981872559,16.371559862204197,18.85363614459628,-23.517714192838866,45.15722297635568,16.72460416666667,46.040585367085875,24.6544
2021-05-20,47.98413783419999,38.38221740722656,43.617808660167256,36.976497094555995,-59.723169544430675,94.73074551782338,16.72460416666667,46.37293684660746,59.470913
2021-05-21,58.65536181577285,55.92533493041992,60.461534223316576,44.05002979109955,-32.971754070071256,125.56786460516923,16.72460416666667,47.29267263987723,
2021-05-22,30.14454191551876,34.628170013427734,32.50434906660575,23.209596744231586,-38.06796480927369,77.17985472497594,16.72460416666667,45.44181492015382,30.463907
2021-05-23,35.92424587073235,31.911529541015625,28.570476523601304,27.63988821919325,10.109559538374015,112.83952702209353,16.72460416666667,47.961033979408946,7.5821023
2021-05-24,30.166038183148085,26.78983497619629,25.71813229191035,22.243581244468903,26.51835868048954,80.58590109866236,16.72460416666667,50.71783409745829,29.025549
2021-05-25,25.97759021772364,24.952857971191406,24.122261820706004,23.881207085164885,41.801980353481895,101.53291176703624,16.72460416666667,47.56149370442391,
2021-05-26,19.59233788370962,19.454566955566406,18.964458046216023,18.709730945844626,28.529682216913756,45.57760052885135,16.72460416666667,43.50930887782163,18.793585
2021-05-27,19.40999913507797,19.572982788085938,18.436656838556235,20.751849538771364,69.63107559678156,88.09636898881627,16.72460416666667,43.89696108905464,-0.38349834
2021-05-28,20.273055621632572,23.29552459716797,22.04592076015274,23.06052715680786,103.6078540576782,133.80326732675348,16.72460416666667,41.078867515541276,
2021-05-29,21.265904127342406,26.586952209472656,28.654629297594205,15.800139810955262,64.9535212235478,24.417396426714845,16.72460416666667,39.93651612696507,
2021-05-30,21.72382961073614,27.208026885986328,35.10159050936027,9.40903103195097,28.242105657913953,-8.330261034951945,16.72460416666667,39.03002490426993,
2021-05-31,21.410548753266912,22.07750129699707,21.34829246879317,7.849341577571305,20.160017440748902,-8.970887402189419,16.72460416666667,48.884910996617535,
2021-06-01,23.754197936081457,27.88990592956543,33.09057774091217,10.777055086003095,36.68857722364157,5.209074415357463,16.72460416666667,44.14155186508653,
2021-06-02,24.478002182406744,28.115867614746094,33.22574205147808,8.75186526701566,32.44871335078733,14.107274909075386,16.72460416666667,53.33362556979576,
2021-06-03,21.381560756171087,23.820262908935547,23.22464491341469,6.189963660397741,-5.641719456890769,2.7337893317721864,16.72460416666667,56.21903483034213,20.366852
2021-06-04,21.06066816135184,18.362234115600586,18.47158681712149,10.320526635830195,-2.391047261802669,11.229376846868945,16.72460416666667,53.53815838166163,45.29307
2021-06-05,19.83819366148085,13.948500633239746,12.829302465072232,24.99573126928792,11.850855013993623,1.554220142723807,16.72460416666667,58.341166308141794,
2021-06-06,20.146469924094554,13.179483413696289,9.276006853917622,25.148943001398134,19.02784301454267,29.213273100045058,16.72460416666667,59.44099959608656,
2021-06-07,29.838820248271098,30.021596908569336,27.430153732973633,61.92954451353319,26.642268345254706,59.485445167625585,16.72460416666667,54.84920515292972,
2021-06-08,32.54169732823757,33.85810089111328,30.238823605432298,62.111322407462254,31.53577088532137,79.89932201871716,16.72460416666667,52.28331909423512,
2021-06-09,32.81430850888854,34.932838439941406,30.09736852708581,62.910250744922266,26.24127176109289,76.6791526615848,16.72460416666667,53.84874447508875,
2021-06-10,33.95490065133281,35.37242126464844,29.516665677077764,63.30119994799614,20.798456157653845,75.73087533100852,16.72460416666667,56.1406425388368,38.27702
2021-06-11,32.15168774329773,34.76584243774414,28.84532083620149,63.52128591000201,26.98787907589383,78.39585074957404,16.72460416666667,55.82918806119637,65.71702
2021-06-12,34.64514234033522,38.41153335571289,32.20307863219534,62.791091343146675,21.566047852159954,82.81129883226731,16.72460416666667,56.39025717470781,28.441626
2021-06-13,40.86181080368756,53.09456253051758,48.3941442321329,64.48018262553197,30.95267119008588,110.94107312063534,16.72460416666667,56.08233720478605,38.952168
2021-06-14,38.77811064004433,52.03853225708008,49.05595023519962,63.79285565998376,29.682016364894594,112.12613230119223,16.72460416666667,56.79963514316098,
2021-06-15,43.70360253121508,58.079551696777344,58.703792084314436,62.524935460343926,62.603582290681516,140.76256603562888,16.72460416666667,46.36022625897397,96.734276
2021-06-16,40.72852266229978,50.43025588989258,51.65331369106249,62.42540841311249,50.78258636163332,148.66253027604307,16.72460416666667,46.93119089781804,
2021-06-17,39.873569321239735,52.05807876586914,51.56403681921011,64.7859494293514,48.255281753778036,100.28084501444573,16.72460416666667,37.64692523950345,-8.248421
2021-06-18,39.42592551587224,51.17666244506836,58.57261258910193,61.425019831368985,38.23341168387492,144.7727006573914,16.72460416666667,32.295659815115656,47.269943
2021-06-19,40.41510722571194,53.87801742553711,58.33762000059481,61.82836465289765,49.68765392343221,215.38971954063163,16.72460416666667,33.41414822604372,-2.1831813
2021-06-20,39.07941577871356,54.18793869018555,58.36578188425802,60.84672779792517,86.42875810192982,204.33413785675475,16.72460416666667,34.114010729696034,
2021-06-21,26.46267045004767,33.75239944458008,32.48487007179824,25.08214241602028,87.67695218483459,120.07116640432832,16.72460416666667,30.524126229753655,32.436935
2021-06-22,23.54783845660972,24.54214096069336,26.417806387585408,19.923472768627025,108.12798663385911,49.89315951435606,16.72460416666667,30.919939935107255,-2.5733678
2021-06-23,20.218380816883375,19.9813175201416,20.39351238756934,16.42065388546472,91.13672999568371,-8.725529295203614,16.72460416666667,33.260050335448696,1.96368
2021-06-24,20.414619462414024,18.346439361572266,17.89136639251525,21.152468819548726,90.98906406191963,12.71926409648222,16.72460416666667,35.51564268277861,48.800507
2021-06-25,21.184294079347634,17.64203643798828,18.442239343045983,18.70031223332141,108.67205221126005,21.957642825863445,16.72460416666667,40.32901986170625,28.021332
2021-06-26,20.9824332882971,19.55402374267578,19.666601706359003,20.27900617926642,120.89944290699896,54.34501032114986,16.72460416666667,47.1925341875113,14.131139
2021-06-27,29.00563209121268,27.061920166015625,26.9930546627299,27.835974823375732,135.5495445987217,222.86996651131267,16.72460416666667,46.08268081751398,
2021-06-28,29.426006264987016,24.796934127807617,22.90047462218848,23.705021618082487,146.04020615637273,149.3537053691498,16.72460416666667,46.56744197079363,
2021-06-29,25.234211952301806,19.091808319091797,19.36067145164746,21.263179696467077,117.14528284877451,43.20869701383151,16.72460416666667,50.29202414797626,15.71852
2021-06-30,22.130021954865402,17.977453231811523,17.036827694445286,6.776371033327486,89.7701078932514,6.82056497688427,16.72460416666667,52.38119047436864,9.305565
2021-07-01,61.993989021627414,55.84865188598633,52.92175024695067,84.87984687947804,79.66537790083385,85.1304901032322,16.72460416666667,52.17325707953681,334.9586
2021-07-02,82.54347131357538,75.51615905761719,79.6792922084231,88.82091110892354,138.31611453582445,148.086526302096,16.72460416666667,52.709548232431246,37.248405
2021-07-03,79.5515430837039,70.9874038696289,73.89437495690069,86.30000729328536,125.63745395699334,156.14791854958276,16.72460416666667,59.34040181292872,121.44619
2021-07-04,80.88397303360605,75.65242767333984,83.79873788411685,88.03044850616445,137.76994198870943,255.18094058928546,16.72460416666667,60.684145016240656,
2021-07-05,77.52673327523651,73.02081298828125,77.68926461768324,87.29062212505455,119.68087252151781,88.97409992850817,16.72460416666667,57.643350863676744,23.773401
2021-07-06,80.72371864489911,74.75678253173828,76.37111776003402,86.97537526031181,89.72450386919354,80.17320582482489,16.72460416666667,61.53605855951328,-21.834288
2021-07-07,80.92676140213499,72.69645690917969,74.32056807506139,85.82409274278822,90.80920748875633,88.63532664844206,16.72460416666667,63.11300177145985,104.63754
2021-07-08,82.37270197863697,72.48713684082031,70.49845629053662,88.68365205995104,101.22409974468246,98.61712534451362,16.72460416666667,66.83447679060569,
2021-07-09,85.08450640514808,75.03411102294922,73.71103280783127,86.81308358218378,114.30504316075348,144.19570996875427,16.72460416666667,64.56551309161466,
2021-07-10,87.56883343729014,76.39600372314453,74.12758975453836,85.5121378810597,144.142946699013,200.2050855675734,16.72460416666667,56.867926256593535,92.27775
2021-07-11,91.80728312793369,77.33419799804688,79.27966845692548,87.01022363352594,143.15232224474676,205.75205428525442,16.72460416666667,46.724902468133784,
2021-07-12,90.16524716379804,76.32243347167969,77.91104362681142,85.39270134913853,153.2096157429678,145.36530072729056,16.72460416666667,47.0200214710638,
2021-07-13,89.01354311867476,77.22811126708984,80.22492770390754,86.08765394848211,102.08523458842228,39.41750547910067,16.72460416666667,46.62627033150829,12.73755
2021-07-14,87.55403410852213,72.2011947631836,78.01452630037744,83.53165927748319,86.9472136108343,45.39640669762127,16.72460416666667,42.57869262646797,21.993872
2021-07-15,86.11964348520009,72.77349853515625,73.09510361501262,80.26971880339869,98.70959460689483,45.85257027753619,16.72460416666667,39.61660848330605,57.216675
2021-07-16,91.28950869078821,81.79386138916016,85.45732910719465,79.84339263883685,92.29632006698557,74.99049062482618,16.72460416666667,40.66744024279469,43.81706
2021-07-17,95.22548038838848,82.86356353759766,93.32232089099953,82.9923054676551,113.36742680017414,120.86458146091991,16.72460416666667,39.27859543327028,175.0525
2021-07-18,97.59133696736934,84.48210906982422,97.39558365605531,81.27827748897495,118.25064070666122,82.48912164815329,16.72460416666667,35.70624307057205,
2021-07-19,97.7758321320799,91.22686004638672,98.02495408573985,79.88240708851858,104.64015793396447,84.03581176261105,16.72460416666667,33.69939984919261,89.5366
2021-07-20,95.31018886303853,89.51824188232422,100.53371894614455,78.87829038689665,86.94563338354874,71.52163207126569,16.72460416666667,32.30352157792502,18.05223
2021-07-21,93.91408333941183,89.26846313476562,105.75742541334517,78.49154574546772,81.58694911788734,61.235098042480786,16.72460416666667,30.628727826385962,37.968716
2021-07-22,97.85690042170394,92.70686340332031,107.9911982444511,83.3561898625632,112.3933687662302,129.5702390497454,16.72460416666667,29.372169877606115,188.97247
2021-07-23,99.95041581387149,92.8790512084961,107.72516903201056,87.14729779979709,93.11748183741747,186.6486792112355,16.72460416666667,24.54468470274034,163.72015
2021-07-24,99.52216426151806,81.97258758544922,95.31681783528335,87.30086545389408,121.82332686989957,263.2129465443868,16.72460416666667,22.127253825617238,386.89087
2021-07-25,93.07786145891173,73.93968963623047,93.08383529122587,83.82058213153472,112.64267373197617,71.38334363651074,16.72460416666667,23.525473432184988,58.192066
2021-07-26,83.07829708787241,79.1845474243164,94.48436376796307,82.25600625587211,87.71603869870296,67.21026384110337,16.72460416666667,25.04372244758001,-30.400324
2021-07-27,82.98807186995171,74.68960571289062,89.75387149580435,82.60187530937543,81.39638706128244,188.60700369576625,16.72460416666667,25.201492826278315,22.91554
2021-07-28,79.87048499680489,77.03907012939453,84.15679934117924,86.14752083777779,79.55842693112209,69.63922897606244,16.72460416666667,26.084292604756705,22.118128
2021-07-29,82.81126763388566,73.53474426269531,83.73216203590657,84.67741443689654,73.16183751405424,141.79014406787337,16.72460416666667,29.09317630493258,53.264374
2021-07-30,81.27845693655044,77.64212799072266,77.64556736158659,93.23431972657612,96.5185983471074,119.22582641453664,16.72460416666667,29.62947275398974,68.67197
2021-07-31,80.2516672268612,69.7179946899414,70.4032568226727,83.35396342670154,73.64764241129797,62.59772135380081,16.72460416666667,29.90179896069361,49.23451
2021-08-01,78.57700829805127,72.12747955322266,69.87358747280489,82.7850564081496,72.48701369295395,68.5985380249108,16.72460416666667,31.124092217405895,89.50303
2021-08-02,80.59229715965975,71.10230255126953,68.75672901124061,78.96171002886479,70.98758572836778,49.39649148188755,16.72460416666667,31.141500952345655,72.28418
2021-08-03,85.19786535641543,74.06674194335938,72.83001784819693,82.54290907711724,66.13622490099124,64.57003789777082,16.72460416666667,30.664341034445847,23.151264
2021-08-04,82.89314470936337,71.79891204833984,73.97827482195329,79.06635421568194,66.27689109558196,53.78223796862903,16.72460416666667,30.980970293410923,59.711895
2021-08-05,84.33669759978066,74.76437377929688,73.46051314688212,76.62296205037481,72.34774967187013,46.61696627766082,16.72460416666667,30.96491511274747,7.386759
2021-08-06,82.66873716581945,73.43460083007812,69.22806808920855,81.38408855563314,81.33765898995625,49.10015806185447,16.72460416666667,30.834690939985016,26.69192
2021-08-07,82.81753205738207,75.29833221435547,71.139849066806,80.02907144441669,111.69667400598519,45.234780234774576,16.72460416666667,31.44436407313383,65.552376
2021-08-08,79.71957004918733,73.19982147216797,68.71034326939096,79.53228544238658,72.58909414992877,39.85592210504626,16.72460416666667,35.11713771953176,8.123106
2021-08-09,49.384174810109215,48.05692672729492,47.94305338591414,37.93058688715553,72.2817696185175,43.22554720736355,16.72460416666667,31.757636160637436,30.955637
2021-08-10,44.40793958437718,41.31069564819336,43.62016114850277,36.26120301484029,33.326049929180414,8.76572831960948,16.72460416666667,32.4050619088918,-1.138321
2021-08-11,42.33034363791782,33.535888671875,43.2700554570511,37.18033287374047,51.59920776070953,17.511282010578157,16.72460416666667,33.10697012508441,18.066212
2021-08-12,38.772849310031404,32.707763671875,42.5308324048506,37.810641955842925,49.36028350410743,33.58353910904134,16.72460416666667,32.95589902947804,-4.849967
2021-08-13,35.803021140562734,32.276512145996094,38.88986758887492,40.70361922046031,42.150298985338054,22.10851558237016,16.72460416666667,28.646010780902515,13.170289
2021-08-14,36.20240988365294,31.757596969604492,35.58123197067448,39.993484704180474,46.66564265676391,29.54709982357292,16.72460416666667,26.852588374197055,-48.368042
2021-08-15,31.45366321187156,30.458520889282227,29.95891351298129,38.58457287211536,12.672524979585432,27.81841278115428,16.72460416666667,28.305320238116174,-41.396393
2021-08-16,27.98207452151802,31.007741928100586,29.83078146400098,38.81125739845088,7.215573575375402,24.449299583450625,16.72460416666667,33.966365170407,-42.38643
2021-08-17,27.127978325473126,31.062633514404297,29.83078146400098,41.387414524670234,-2.3434698083647163,23.02095588053851,16.72460416666667,36.228678360237765,28.579397
2021-08-18,25.476416897883496,30.25794219970703,28.558917417033292,40.248769430625856,-11.270403730612998,22.60423028523212,16.72460416666667,43.447062958259316,31.786564
2021-08-19,16.40452672883315,21.328821182250977,20.634968657423368,-1.7533166354494014,-1.9877628720578286,17.791603573620364,16.72460416666667,40.77189989329615,12.27432
2021-08-20,16.400136685243112,19.10098648071289,17.79889238716788,-1.0540494905330249,4.476490690352421,21.063204506607804,16.72460416666667,41.14503980832482,12.268371
2021-08-21,20.752998264555742,20.96590232849121,19.72356934377417,-0.07086612556803829,10.582409168493768,25.533465332223727,16.72460416666667,47.858348630620476,7.3069024
2021-08-22,15.872010755695394,15.503150939941406,15.99040918263932,1.5597273121739583,-8.999490999839509,17.564942968120135,16.72460416666667,46.14246481033747,5.5208316
2021-08-23,16.368031212669802,14.581256866455078,17.218077197087624,1.6248229957339397,-2.5367212189180464,15.938564514080213,16.72460416666667,45.459087704363384,75.629745
2021-08-24,16.192793562549195,13.048901557922363,16.86674740206301,3.7927784962610964,-19.398269388797416,8.850856573074907,16.72460416666667,53.620801192015335,98.32599
2021-08-25,15.62829250015918,12.363402366638184,16.901934680295394,-1.3761862853180151,-5.668063997224181,8.117913031058833,16.72460416666667,57.32236812259212,61.715176
2021-08-26,14.940769902073658,12.130741119384766,16.670092540039043,-2.156180279819525,-8.74778972698914,17.801088646787434,16.72460416666667,55.45660970018005,27.808374
2021-08-27,13.77482948668306,11.852517127990723,16.989432015427074,-0.05800495850540521,8.29217018382883,5.576525482148099,16.72460416666667,52.56536798332712,38.43618
2021-08-28,13.235035012801601,11.652122497558594,16.518522331714905,-3.0727696087895673,2.0021663552811333,11.251666954284246,16.72460416666667,53.610692266580884,22.03554
2021-08-29,12.786816088705098,11.558094024658203,16.887732729080618,-0.7589422436338804,-18.4327950307661,9.927466164616362,16.72460416666667,54.607121126080166,28.418304
2021-08-30,12.513201727787063,11.638810157775879,16.41682304536845,0.16148501073222832,7.418185792396116,8.98766122634106,16.72460416666667,52.30727790133761,33.23855
2021-08-31,84.09651678818264,57.00769805908203,57.68672581943908,70.17582787866797,33.057913226092296,21.25969241553355,16.72460416666667,47.516016422884015,89.687996
2021-09-01,89.00842098503782,69.18427276611328,74.68940963165522,78.4208379273879,38.12012496720604,26.587548338675106,16.72460416666667,42.95580781407072,446.45078
2021-09-02,94.05863747573291,68.21575927734375,72.47297258092294,82.2076580482322,89.20679396048718,26.614058877062575,16.72460416666667,36.167544070336376,52.74584
2021-09-03,91.67999583586347,70.9427490234375,76.14370203136286,74.7845151172764,79.49697612076397,30.15813124165311,16.72460416666667,35.96295006903347,114.415955
2021-09-04,96.87513151113298,71.50055694580078,74.57751892828793,74.67313960371695,78.43665103106196,34.44390145904356,16.72460416666667,35.58459819419709,26.81805
2021-09-05,103.56459329908652,75.0006332397461,76.5744692010597,72.81085517755454,86.11207832823175,40.25834961098133,16.72460416666667,30.745868216087878,
2021-09-06,107.27411116101618,80.32266998291016,80.35748042344592,71.75228916138148,100.03829867338118,36.045697363268005,16.72460416666667,32.038695799944506,14.138182
2021-09-07,104.07380288583214,82.16128540039062,86.11415010054725,79.59369139669617,116.70529712390453,34.90795782911539,16.72460416666667,31.834384944220055,-12.19126
2021-09-08,110.25673224886931,80.03445434570312,85.2241631365069,75.0617810664317,113.92512832945704,38.13945214846092,16.72460416666667,26.98657563216442,57.52128
2021-09-09,102.02191919200281,76.39456176757812,84.9005927703958,72.16798620624961,134.99824558656292,27.233563614807167,16.72460416666667,22.40765550068199,148.93071
2021-09-10,96.99241053692114,71.65376281738281,74.61397233169978,75.00294601446156,106.12782693025201,25.42165497813619,16.72460416666667,22.001361092331894,133.13527
2021-09-11,92.50881174162916,69.74169921875,69.4912328508684,73.93302771476087,107.5413068521002,27.063778208499002,16.72460416666667,23.11110733641792,90.32901
2021-09-12,97.72387647513014,72.15465545654297,71.3971511006687,71.080063796158,119.49335221696492,35.5312313718415,16.72460416666667,20.130852961393913,47.597828
2021-09-13,103.83084064951785,74.01753997802734,78.99068981582283,73.91041928222977,136.6802157688071,43.909359034832164,16.72460416666667,15.99412475612421,
2021-09-14,100.06087826646578,72.1779556274414,71.22767484102727,73.02855047439289,127.22040398158333,57.04403481542931,16.72460416666667,14.134043765230896,177.54472
2021-09-15,96.25863876871543,69.70610809326172,70.05952603614224,63.35992749047297,124.12266885399822,48.082358149621086,16.72460416666667,16.70347771394143,115.21879
2021-09-16,95.98889291018295,71.79589080810547,70.94608904505198,62.09692330685864,119.0124957309863,41.565720609112645,16.72460416666667,17.893538615436007,233.8346
2021-09-17,98.54730960711676,73.06271362304688,73.5741587282162,64.49268340414712,107.9946688670916,42.44195292950087,16.72460416666667,18.497482654674847,118.02774
2021-09-18,95.767964881955,72.31981658935547,71.60373896669645,66.75144256069038,108.15850801908346,61.13873385369152,16.72460416666667,18.59854088929539,784.44727
2021-09-19,88.40042838447675,68.01513671875,63.55704110141777,63.18340202871461,120.58059310287354,45.04394553332111,16.72460416666667,15.07734856730144,121.65627
2021-09-20,87.21188992408501,71.6876449584961,70.94608904505198,64.4735344296936,113.15386613049304,43.84120709632532,16.72460416666667,17.151834023956784,60.246983
2021-09-21,88.41534498749864,71.05137634277344,70.33618899266264,66.66519231870872,97.59109044501747,48.32750110829102,16.72460416666667,11.175599985809464,28.633173
2021-09-22,87.19593830629977,71.24996185302734,69.71276947470815,64.18222511618283,87.19099149053454,51.081288267867876,16.72460416666667,15.11606454664545,110.75513
2021-09-23,84.18687796680607,70.80113983154297,66.73640024462502,65.55343590861727,71.50925362419548,41.071042698565975,16.72460416666667,10.92839466945599,204.5903
2021-09-24,83.39695772588642,70.46780395507812,67.8260084797113,63.6882952408928,77.22984703278689,43.03858332086895,16.72460416666667,8.028877724078015,221.29175
2021-09-25,87.6578513827226,71.95491790771484,73.03194326462018,64.66429103488787,96.12838607227877,40.578098957634325,16.72460416666667,9.786560106599712,36.10068
2021-09-26,83.41362550616357,71.90314483642578,70.99457446492943,69.91056218451807,85.49072999198734,41.732838918194716,16.72460416666667,9.527842399880678,-9.700001
2021-09-27,59.54920196044785,59.23086929321289,52.10653480247521,61.87803989713609,75.70244607768336,38.08987808155712,16.72460416666667,8.741971848531954,45.093555
2021-09-28,56.6235294597008,62.03428649902344,58.40852315590808,62.48603157961834,67.14286306697522,55.52839653807814,16.72460416666667,12.253406020913417,-8.365847
2021-09-29,48.716259449911284,53.6364631652832,52.75614770156437,56.62301971657534,48.89042925786816,32.39810712838539,16.72460416666667,12.281065787203133,-4.7071176
2021-09-30,50.48227059737528,56.06195831298828,57.922421875934276,63.78345206544091,64.98977371477258,32.272349228303256,16.72460416666667,10.575727506290361,1.1408478
2021-10-01,45.54971086068695,54.79082107543945,52.99513564486338,58.66937356380092,55.01801465519952,37.49822670444735,16.72460416666667,11.030595111439323,24.451784
2021-10-02,47.30102499285482,57.726951599121094,55.723434993023396,61.69029323530488,90.34004320090935,54.305146676726736,16.72460416666667,11.43765485001603,26.516275
2021-10-03,42.83435307081719,55.225852966308594,52.770377293765414,58.317423421588714,65.43697803658551,22.791177479184967,16.72460416666667,11.260597899792574,10.620693
2021-10-04,34.67966767413435,41.63497543334961,38.55441504035722,4.5499198862139565,37.442223226879946,29.10297249362236,16.72460416666667,14.377698020473664,-54.551147
2021-10-05,30.279110707664717,27.74903678894043,28.942848571697873,11.591476577233845,5.937789180130494,36.21485772662402,16.72460416666667,15.228405949302138,5.725481
2021-10-06,17.61063050420671,22.513370513916016,22.462655675836512,6.4487141487310495,7.0903646744441176,28.565902945941048,16.72460416666667,23.75204875794372,5.8955812
2021-10-07,17.09928146121443,20.494709014892578,21.25422285635432,8.182994239553874,27.215327012946545,27.11703854503901,16.72460416666667,21.615738280267756,-16.155352
2021-10-08,17.550736493251325,19.064308166503906,20.85782360086607,7.456503069187059,31.389918410745622,33.0545404052956,16.72460416666667,23.705765892236055,31.69582
2021-10-09,15.861354598835492,17.69871711730957,18.252144747968785,6.0322824458639115,19.531900278825333,37.55171980920841,16.72460416666667,25.581626480354647,21.09278
2021-10-10,14.825139819060357,16.38766860961914,16.614998971836254,6.783004023398346,11.975490804324863,39.33720786174467,16.72460416666667,34.72027543576462,4.5552635
2021-10-11,14.062388874930544,14.368459701538086,15.689257260948805,5.824240129548084,-2.4376417100043,31.399540733700405,16.72460416666667,34.12883798619483,
2021-10-12,13.065631414684077,10.655654907226562,15.302250793733254,6.277961096164198,13.101621603054582,34.057379626986574,16.72460416666667,34.92485717525648,
2021-10-13,12.462870791468488,9.746511459350586,10.825097748498308,3.692708786085843,14.41129060776666,30.830683949712125,16.72460416666667,35.48449431725752,-3.344213
2021-10-14,12.235587828721942,9.509261131286621,10.544813938429636,5.334636075753826,8.739541431059251,32.35946945841738,16.72460416666667,34.28852194936709,4.5833054
2021-10-15,11.904861753875524,8.963349342346191,10.39938033875241,7.224798306262706,16.992196821904372,36.974245964224,16.72460416666667,32.74098239649182,
2021-10-16,12.46955638480094,9.741283416748047,10.832051029143466,6.466722452674663,54.344533656346584,38.131581615026334,16.72460416666667,32.60629389513694,-16.044474
2021-10-17,12.573849330457541,10.83143138885498,10.735376579294408,7.209173898380213,59.14147679762186,92.2147974025379,16.72460416666667,31.637425749213318,12.501768
2021-10-18,12.770940561468775,10.83143138885498,10.735376579294408,10.969844275149907,60.28898703287814,131.2269181765132,16.72460416666667,32.49889157963501,14.80066
2021-10-19,26.708896312883642,16.831445693969727,14.31554144947681,17.89463051624814,42.56454852028503,131.94854046576984,16.72460416666667,29.32324187180756,
2021-10-20,26.781433636355686,23.58344268798828,18.536871495995744,13.56620214310951,50.67606383382645,119.26642267606985,16.72460416666667,27.64978769912067,26.393375
2021-10-21,16.657428296131958,15.365422248840332,13.350342118925182,3.9506746046698176,47.60813045744362,17.873341386383913,16.72460416666667,24.576046626321755,6.7582316
2021-10-22,15.846299538572755,12.135688781738281,11.487069865704786,5.130443518676561,33.321717519074014,39.74276336453079,16.72460416666667,32.86505517356186,-59.92239
2021-10-23,15.742609305579954,12.198257446289062,11.831525825042196,8.300309574663906,37.944904747513476,86.10738586927346,16.72460416666667,32.081999278377154,-43.42398
2021-10-24,16.07662921254981,11.981199264526367,11.065491202010476,8.082015387445466,30.351166576527135,62.11807044028183,16.72460416666667,38.47808290689292,-7.4436045
2021-10-25,24.535970660725738,32.038604736328125,26.79521549233791,51.41493454394384,25.178543872742466,32.9692276065075,16.72460416666667,30.07360501373978,27.70721
2021-10-26,28.885299279928287,39.22355270385742,31.000079753536177,55.53882733806219,73.98929793690604,40.189976032614595,16.72460416666667,29.413902561283198,-63.884666
2021-10-27,34.17242924681539,41.86956024169922,37.57488107066369,57.540441717820656,80.90739574329154,59.29121075183593,16.72460416666667,30.47005957459649,-26.247272
2021-10-28,44.18358592706506,51.579010009765625,51.43486331289638,62.86627917049475,121.64668268365949,170.36828744652303,16.72460416666667,28.928504675767705,17.481106
2021-10-29,41.06948114865412,56.48432540893555,50.31825772499524,62.86846774381766,123.68007167370797,73.2550931806245,16.72460416666667,28.125319053064704,17.852564
2021-10-30,35.207532163122394,52.84159469604492,48.563088178989695,51.32835252986587,102.45161733254099,67.27941547738828,16.72460416666667,28.458059051489816,9.441993
2021-10-31,52.874222217605066,72.4664535522461,73.99357228496999,58.88189975011662,134.29258878612563,120.71818416032875,16.72460416666667,28.231073434023223,-40.344833
2021-11-01,33.36225163839264,50.885765075683594,47.486271576169074,46.493671928596754,104.70035494896456,33.78367248361235,16.72460416666667,28.83682555696555,32.453876
2021-11-02,32.425270407087034,51.84507369995117,50.54884303886658,42.11418450361529,125.83996045458298,33.30843396529565,16.72460416666667,27.899995995011004,35.686615
2021-11-03,32.316007470500644,50.858497619628906,50.006221101843316,40.11076298952953,119.64537304939859,21.41396674110331,16.72460416666667,30.154147935427794,
2021-11-04,31.31338041277629,51.924625396728516,51.61745652524981,38.98621516860031,115.17041420064379,12.912864195685415,16.72460416666667,30.72221919861966,21.94968
2021-11-05,28.72477635989881,51.30223083496094,49.00522079586592,40.36282566076285,119.03339479325587,11.833965871197506,16.72460416666667,26.985937984175532,31.15153
2021-11-06,28.813742268159867,52.40432357788086,49.633675351760225,50.612545966152965,100.83775272063212,21.840507550958023,16.72460416666667,18.843970132899813,-6.081594
2021-11-07,24.653311258724475,50.48388671875,49.39548779479611,43.09117253561385,99.8439084605352,12.814882685073371,16.72460416666667,19.356126864266027,33.355213
2021-11-08,24.049065351899426,50.17565155029297,49.253631762908164,47.97475729852053,109.56772948805883,13.667789960457867,16.72460416666667,12.739263781863837,
2021-11-09,24.5524992304474,50.598716735839844,50.42905808366197,51.48057160629216,98.18923243877725,20.542280356251354,16.72460416666667,12.002059208765276,
2021-11-10,16.311439572589112,34.183353424072266,31.788547836486103,-1.809694125369349,100.17830829466311,18.277614345545658,16.72460416666667,13.72675643069372,-1.1417397
2021-11-11,15.186040868274254,24.247034072875977,23.954660763232532,-0.8846185980399834,72.87054895108304,15.905484533151139,16.72460416666667,11.491662183125666,7.3372416
2021-11-12,19.2498793887841,20.896804809570312,20.73625152838368,6.345159758501577,65.10540109674002,23.524868476126017,16.72460416666667,12.423402882297019,12.499959
2021-11-13,14.660021131655263,17.22659683227539,17.573493309303327,-2.5752097490453174,54.478201966490815,12.324466936853241,16.72460416666667,13.584496266411083,7.7551327
2021-11-14,14.554830604690508,18.255746841430664,18.326979294817065,-3.5071493132678624,57.905666725967876,12.395792313019228,16.72460416666667,13.933343306382564,14.257536
2021-11-15,13.745340694084323,18.183826446533203,18.042119621628625,-3.150564116589347,74.23017502379571,13.036956551046387,16.72460416666667,14.503101938049866,14.777507
2021-11-16,12.003757260314165,11.934356689453125,11.86375981947888,-2.258533225638657,68.2989254477875,20.943734130584403,16.72460416666667,14.241208084420464,-1.2369112
2021-11-17,11.281912754040487,11.114002227783203,11.004329597913879,0.16723938781128034,33.91368930024902,16.95795392723346,16.72460416666667,14.575066903794612,8.753809
2021-11-18,11.302668844600614,9.330645561218262,10.000747661692577,0.024730941361362113,19.251089067891826,17.76020119313705,16.72460416666667,12.057764737701476,16.487175
2021-11-19,10.994933845549687,9.049748420715332,9.690991522055125,-1.9739080627807777,8.194552199681539,18.090047672821242,16.72460416666667,11.75182546416522,2.4443069
2021-11-20,9.909924591297656,8.12977123260498,9.787665971904183,-0.704951437961638,0.0885222408314803,14.358942796842257,16.72460416666667,12.537144541733186,3.5709848
2021-11-21,9.90476105692096,9.043157577514648,10.200288486013253,-3.345894588117428,-22.201065850948908,7.131747340166385,16.72460416666667,13.188513919122427,12.802317
2021-11-22,11.05203519488202,9.741283416748047,10.735376579294408,-3.961773650648971,-13.100236447668522,12.777699120964371,16.72460416666667,12.045160373705976,25.509205
2021-11-23,11.226391016797406,10.688053131103516,10.832051029143466,-4.50466453708843,-2.6000898168504136,13.985063246751452,16.72460416666667,13.19492214905711,7.457537
2021-11-24,11.240401042816321,9.560871124267578,10.103614036164196,-4.656419581209133,-23.71504229303264,13.160533292340006,16.72460416666667,12.724951102889223,7.822951
2021-11-25,10.74001295894039,8.390914916992188,9.339771258942676,-5.958782634058634,-38.466337882290645,7.373206811290402,16.72460416666667,11.847899778736283,6.1133966
2021-11-26,21.450794772872516,16.052471160888672,18.198073581302705,6.0280769545671,-39.29224033457922,21.162330383693075,16.72460416666667,11.826177801044512,28.228294
2021-11-27,29.01092498320317,25.176692962646484,21.833572309800765,3.897985173250756,-25.025161996371935,13.783981179391048,16.72460416666667,11.080462283704657,16.700321
2021-11-28,15.642477179456698,15.599818229675293,16.301902052845325,-2.853113198022582,-21.58865729817444,4.359442587609465,16.72460416666667,10.348815140341758,9.18226
2021-11-29,14.938180891395287,14.101141929626465,15.261925650129271,-4.106382373771815,-26.918741675639467,9.90802120820581,16.72460416666667,10.59898449328889,1.7804937
2021-11-30,25.058795325000787,18.10891342163086,18.97942990446452,6.6766484818510605,-16.704631021322257,25.4430937659223,16.72460416666667,8.896015714864623,-5.1651993
2021-12-01,33.208201765634534,23.180635452270508,23.689883465537367,9.547771743786118,-19.757429826519456,25.86721230249657,16.72460416666667,8.912693783093763,
2021-12-02,14.793926036831724,16.684043884277344,17.33791701468211,-3.4565005958903203,-25.11807268374605,19.17646506000358,16.72460416666667,9.065059632565593,4.3880687
2021-12-03,15.136073305332781,15.184128761291504,15.638969068961355,3.458826054403767,-5.6703490207169125,37.48428101317961,16.72460416666667,10.064212766588241,
2021-12-04,18.300493403983808,13.552633285522461,17.287932955938476,4.57096559116156,-15.926613907130559,22.34890673082225,16.72460416666667,10.153716086752759,15.784589
2021-12-05,16.74447999476865,12.065570831298828,16.394227621098082,1.953087047641647,6.583349120818184,14.627384834339864,16.72460416666667,9.816686205662535,15.70502
2021-12-06,13.979539613801737,10.213574409484863,15.261925650129271,0.8222535748066377,-4.259087352194456,19.11205781502906,16.72460416666667,12.340808901208222,12.385794
2021-12-07,38.65072479228858,26.590599060058594,31.34074617358212,8.819501647097702,14.538632444588075,44.499577635441824,16.72460416666667,12.799617011688166,19.980116
2021-12-08,31.68116417549277,25.740798950195312,26.639932336542895,7.742997889035358,-4.915605019176837,13.505497650668076,16.72460416666667,11.73014130003093,25.027306
2021-12-09,21.52288831095219,19.946029663085938,21.10327248553269,9.292298839729707,-6.788233703822698,13.750725926773612,16.72460416666667,12.477512891070193,
2021-12-10,18.761251092083572,17.465810775756836,18.075138961041464,5.529444298015262,-11.75967325763304,11.215162220206366,16.72460416666667,11.822659958508414,46.01123
2021-12-11,15.156268650403208,14.628738403320312,15.900714923460214,7.665834413468579,-8.870223956536393,8.869084828664654,16.72460416666667,12.664671360195786,
2021-12-12,15.65782534191245,12.873812675476074,17.015550175290578,8.690966023594871,1.7117903179255336,4.446833607845292,16.72460416666667,13.010298393222778,28.61234
2021-12-13,15.79367804486027,11.84045124053955,16.346184350893214,10.025827572430128,13.741235289425958,-2.858835342318798,16.72460416666667,13.227578202299547,30.548157
2021-12-14,14.287488326403773,10.413969039916992,15.88794369010777,10.35268330802386,-2.197662310915348,-3.9089000830258556,16.72460416666667,12.81876798251207,
2021-12-15,13.19256396141632,9.25898551940918,14.778244733064676,10.476637638878572,8.981781742191743,-4.110579372435495,16.72460416666667,16.581883897978503,
2021-12-16,12.383755508482865,9.049748420715332,10.825097748498308,8.891480588890708,21.564104098409643,-3.4087247620632297,16.72460416666667,17.207629988093853,
