bin,n,R2,RMSE,MAE,MASE,WAPE,Correlation,model,anchor_year,tower
1-7,6,-2.723,18.935,18.706,0.5091,1.0294,0.978,RF,2018,2
8-30,21,-0.259,11.758,11.241,0.2413,1.2072,0.065,RF,2018,2
31-90,32,-1.185,19.007,15.847,0.3484,1.3646,-0.196,RF,2018,2
91-180,43,-0.721,29.965,22.916,0.3727,1.4462,0.184,RF,2018,2
181-270,0,,,,,,,RF,2018,2
271-365,0,,,,,,,RF,2018,2
1-7,6,-2.532,18.444,17.909,0.4874,0.9855,0.92,XGB,2018,2
8-30,21,0.08,10.05,9.227,0.1981,0.9908,0.532,XGB,2018,2
31-90,32,-0.612,16.328,12.656,0.2783,1.0899,-0.126,XGB,2018,2
91-180,43,-0.697,29.751,22.603,0.3677,1.4265,0.214,XGB,2018,2
181-270,0,,,,,,,XGB,2018,2
271-365,0,,,,,,,XGB,2018,2
1-7,6,-2.183,17.508,16.925,0.4606,0.9314,0.89,LightGBM,2018,2
8-30,21,-0.009,10.526,9.791,0.2102,1.0515,0.419,LightGBM,2018,2
31-90,32,-0.652,16.528,12.852,0.2826,1.1067,-0.227,LightGBM,2018,2
91-180,43,-0.628,29.14,22.006,0.3579,1.3888,0.272,LightGBM,2018,2
181-270,0,,,,,,,LightGBM,2018,2
271-365,0,,,,,,,LightGBM,2018,2
1-7,6,-1.087,14.179,12.876,0.3504,0.7086,0.803,SARIMAX,2018,2
8-30,21,-2.926,20.764,18.304,0.393,1.9656,0.067,SARIMAX,2018,2
31-90,32,-3.52,27.34,25.471,0.56,2.1934,0.17,SARIMAX,2018,2
91-180,43,-3.496,48.425,43.273,0.7039,2.7309,-0.138,SARIMAX,2018,2
181-270,0,,,,,,,SARIMAX,2018,2
271-365,0,,,,,,,SARIMAX,2018,2
1-7,6,-1.94,16.826,16.604,0.4519,0.9137,0.961,Ensemble_unweighted,2018,2
8-30,21,-0.427,12.517,11.64,0.2499,1.25,0.476,Ensemble_unweighted,2018,2
31-90,32,-1.099,18.629,15.965,0.351,1.3748,-0.132,Ensemble_unweighted,2018,2
91-180,43,-1.189,33.792,27.136,0.4414,1.7125,0.149,Ensemble_unweighted,2018,2
181-270,0,,,,,,,Ensemble_unweighted,2018,2
271-365,0,,,,,,,Ensemble_unweighted,2018,2
1-7,6,-1.953,16.865,16.638,0.4528,0.9156,0.96,Ensemble_MASEweighted,2018,2
8-30,21,-0.406,12.427,11.569,0.2484,1.2424,0.477,Ensemble_MASEweighted,2018,2
31-90,32,-1.077,18.531,15.844,0.3483,1.3644,-0.134,Ensemble_MASEweighted,2018,2
91-180,43,-1.168,33.631,26.954,0.4384,1.701,0.154,Ensemble_MASEweighted,2018,2
181-270,0,,,,,,,Ensemble_MASEweighted,2018,2
271-365,0,,,,,,,Ensemble_MASEweighted,2018,2
1-7,6,-1.058,14.078,11.862,0.3228,0.6528,0.743,TFT,2018,2
8-30,21,-0.321,12.044,8.113,0.1742,0.8712,0.126,TFT,2018,2
31-90,32,-0.176,13.948,9.573,0.2105,0.8243,-0.072,TFT,2018,2
91-180,43,-0.336,26.395,18.846,0.3065,1.1893,-0.004,TFT,2018,2
181-270,0,,,,,,,TFT,2018,2
271-365,0,,,,,,,TFT,2018,2
1-7,6,0.129,9.156,7.43,0.2022,0.4089,0.839,TabPFN,2018,2
8-30,21,-0.429,12.529,9.007,0.1934,0.9673,0.596,TabPFN,2018,2
31-90,32,-0.176,13.945,10.126,0.2226,0.872,0.042,TabPFN,2018,2
91-180,43,-0.248,25.518,17.762,0.2889,1.1209,-0.208,TabPFN,2018,2
181-270,0,,,,,,,TabPFN,2018,2
271-365,0,,,,,,,TabPFN,2018,2
1-7,1,,,,,,,RF,2018,4
8-30,7,-0.86,11.651,11.25,0.7416,1.6087,0.511,RF,2018,4
31-90,33,0.045,15.667,13.789,0.8395,1.1302,0.533,RF,2018,4
91-180,83,-0.79,25.665,19.423,1.0658,1.572,0.232,RF,2018,4
181-270,72,0.149,73.553,55.814,0.9135,0.7989,0.391,RF,2018,4
271-365,67,-0.048,63.463,37.022,1.2161,1.2046,0.065,RF,2018,4
1-7,1,,,,,,,XGB,2018,4
8-30,7,-0.089,8.916,7.835,0.5165,1.1204,0.605,XGB,2018,4
31-90,33,0.03,15.787,12.084,0.7357,0.9905,0.244,XGB,2018,4
91-180,83,-0.349,22.279,15.765,0.8651,1.276,0.218,XGB,2018,4
181-270,72,0.071,76.832,57.067,0.934,0.8168,0.291,XGB,2018,4
271-365,67,0.066,59.894,30.811,1.0121,1.0025,0.276,XGB,2018,4
1-7,1,,,,,,,LightGBM,2018,4
8-30,7,-0.453,10.297,9.643,0.6357,1.3789,0.618,LightGBM,2018,4
31-90,33,0.088,15.309,11.496,0.6999,0.9423,0.323,LightGBM,2018,4
91-180,83,-0.508,23.556,16.737,0.9184,1.3546,0.183,LightGBM,2018,4
181-270,72,0.129,74.379,55.103,0.9019,0.7887,0.376,LightGBM,2018,4
271-365,67,0.059,60.12,30.408,0.9989,0.9894,0.262,LightGBM,2018,4
1-7,1,,,,,,,SARIMAX,2018,4
8-30,7,-1.889,14.523,13.499,0.8898,1.9303,0.554,SARIMAX,2018,4
31-90,33,-0.163,17.294,15.255,0.9288,1.2504,0.327,SARIMAX,2018,4
91-180,83,-0.927,26.626,22.118,1.2137,1.7902,0.214,SARIMAX,2018,4
181-270,72,0.033,78.379,64.116,1.0494,0.9177,0.32,SARIMAX,2018,4
271-365,67,-0.17,67.053,43.107,1.416,1.4026,0.113,SARIMAX,2018,4
1-7,1,,,,,,,Ensemble_unweighted,2018,4
8-30,7,-0.689,11.103,10.557,0.6959,1.5096,0.658,Ensemble_unweighted,2018,4
31-90,33,0.052,15.615,12.953,0.7886,1.0617,0.405,Ensemble_unweighted,2018,4
91-180,83,-0.582,24.129,18.24,1.0009,1.4763,0.222,Ensemble_unweighted,2018,4
181-270,72,0.122,74.682,57.457,0.9404,0.8224,0.35,Ensemble_unweighted,2018,4
271-365,67,0.009,61.717,34.206,1.1236,1.1129,0.166,Ensemble_unweighted,2018,4
1-7,1,,,,,,,Ensemble_MASEweighted,2018,4
8-30,7,-0.672,11.047,10.498,0.692,1.5012,0.66,Ensemble_MASEweighted,2018,4
31-90,33,0.053,15.602,12.911,0.7861,1.0583,0.402,Ensemble_MASEweighted,2018,4
91-180,83,-0.576,24.082,18.17,0.997,1.4706,0.222,Ensemble_MASEweighted,2018,4
181-270,72,0.122,74.689,57.394,0.9394,0.8215,0.35,Ensemble_MASEweighted,2018,4
271-365,67,0.011,61.646,34.085,1.1197,1.109,0.169,Ensemble_MASEweighted,2018,4
1-7,1,,,,,,,TFT,2018,4
8-30,7,0.19,7.69,5.454,0.3595,0.7799,0.494,TFT,2018,4
31-90,33,-0.198,17.547,11.451,0.6972,0.9386,-0.074,TFT,2018,4
91-180,83,-0.264,21.56,15.86,0.8703,1.2837,0.393,TFT,2018,4
181-270,72,-0.153,85.606,57.287,0.9376,0.82,0.28,TFT,2018,4
271-365,67,-0.148,66.418,29.167,0.9581,0.949,-0.15,TFT,2018,4
1-7,1,,,,,,,TabPFN,2018,4
8-30,7,-0.295,9.722,6.004,0.3958,0.8586,0.101,TabPFN,2018,4
31-90,33,-0.351,18.638,11.651,0.7093,0.955,0.199,TabPFN,2018,4
91-180,83,-0.226,21.241,14.759,0.8098,1.1945,-0.002,TabPFN,2018,4
181-270,72,-0.199,87.306,57.593,0.9426,0.8243,0.186,TabPFN,2018,4
271-365,67,-0.091,64.734,27.548,0.9049,0.8963,0.013,TabPFN,2018,4
1-7,0,,,,,,,RF,2018,9
8-30,0,,,,,,,RF,2018,9
31-90,0,,,,,,,RF,2018,9
91-180,0,,,,,,,RF,2018,9
181-270,0,,,,,,,RF,2018,9
271-365,0,,,,,,,RF,2018,9
1-7,0,,,,,,,XGB,2018,9
8-30,0,,,,,,,XGB,2018,9
31-90,0,,,,,,,XGB,2018,9
91-180,0,,,,,,,XGB,2018,9
181-270,0,,,,,,,XGB,2018,9
271-365,0,,,,,,,XGB,2018,9
1-7,0,,,,,,,LightGBM,2018,9
8-30,0,,,,,,,LightGBM,2018,9
31-90,0,,,,,,,LightGBM,2018,9
91-180,0,,,,,,,LightGBM,2018,9
181-270,0,,,,,,,LightGBM,2018,9
271-365,0,,,,,,,LightGBM,2018,9
1-7,0,,,,,,,SARIMAX,2018,9
8-30,0,,,,,,,SARIMAX,2018,9
31-90,0,,,,,,,SARIMAX,2018,9
91-180,0,,,,,,,SARIMAX,2018,9
181-270,0,,,,,,,SARIMAX,2018,9
271-365,0,,,,,,,SARIMAX,2018,9
1-7,0,,,,,,,Ensemble_unweighted,2018,9
8-30,0,,,,,,,Ensemble_unweighted,2018,9
31-90,0,,,,,,,Ensemble_unweighted,2018,9
91-180,0,,,,,,,Ensemble_unweighted,2018,9
181-270,0,,,,,,,Ensemble_unweighted,2018,9
271-365,0,,,,,,,Ensemble_unweighted,2018,9
1-7,0,,,,,,,Ensemble_MASEweighted,2018,9
8-30,0,,,,,,,Ensemble_MASEweighted,2018,9
31-90,0,,,,,,,Ensemble_MASEweighted,2018,9
91-180,0,,,,,,,Ensemble_MASEweighted,2018,9
181-270,0,,,,,,,Ensemble_MASEweighted,2018,9
271-365,0,,,,,,,Ensemble_MASEweighted,2018,9
1-7,0,,,,,,,TFT,2018,9
8-30,0,,,,,,,TFT,2018,9
31-90,0,,,,,,,TFT,2018,9
91-180,0,,,,,,,TFT,2018,9
181-270,0,,,,,,,TFT,2018,9
271-365,0,,,,,,,TFT,2018,9
1-7,0,,,,,,,TabPFN,2018,9
8-30,0,,,,,,,TabPFN,2018,9
31-90,0,,,,,,,TabPFN,2018,9
91-180,0,,,,,,,TabPFN,2018,9
181-270,0,,,,,,,TabPFN,2018,9
271-365,0,,,,,,,TabPFN,2018,9
1-7,0,,,,,,,RF,2019,2
8-30,0,,,,,,,RF,2019,2
31-90,0,,,,,,,RF,2019,2
91-180,0,,,,,,,RF,2019,2
181-270,0,,,,,,,RF,2019,2
271-365,0,,,,,,,RF,2019,2
1-7,0,,,,,,,XGB,2019,2
8-30,0,,,,,,,XGB,2019,2
31-90,0,,,,,,,XGB,2019,2
91-180,0,,,,,,,XGB,2019,2
181-270,0,,,,,,,XGB,2019,2
271-365,0,,,,,,,XGB,2019,2
1-7,0,,,,,,,LightGBM,2019,2
8-30,0,,,,,,,LightGBM,2019,2
31-90,0,,,,,,,LightGBM,2019,2
91-180,0,,,,,,,LightGBM,2019,2
181-270,0,,,,,,,LightGBM,2019,2
271-365,0,,,,,,,LightGBM,2019,2
1-7,0,,,,,,,SARIMAX,2019,2
8-30,0,,,,,,,SARIMAX,2019,2
31-90,0,,,,,,,SARIMAX,2019,2
91-180,0,,,,,,,SARIMAX,2019,2
181-270,0,,,,,,,SARIMAX,2019,2
271-365,0,,,,,,,SARIMAX,2019,2
1-7,0,,,,,,,Ensemble_unweighted,2019,2
8-30,0,,,,,,,Ensemble_unweighted,2019,2
31-90,0,,,,,,,Ensemble_unweighted,2019,2
91-180,0,,,,,,,Ensemble_unweighted,2019,2
181-270,0,,,,,,,Ensemble_unweighted,2019,2
271-365,0,,,,,,,Ensemble_unweighted,2019,2
1-7,0,,,,,,,Ensemble_MASEweighted,2019,2
8-30,0,,,,,,,Ensemble_MASEweighted,2019,2
31-90,0,,,,,,,Ensemble_MASEweighted,2019,2
91-180,0,,,,,,,Ensemble_MASEweighted,2019,2
181-270,0,,,,,,,Ensemble_MASEweighted,2019,2
271-365,0,,,,,,,Ensemble_MASEweighted,2019,2
1-7,0,,,,,,,TFT,2019,2
8-30,0,,,,,,,TFT,2019,2
31-90,0,,,,,,,TFT,2019,2
91-180,0,,,,,,,TFT,2019,2
181-270,0,,,,,,,TFT,2019,2
271-365,0,,,,,,,TFT,2019,2
1-7,0,,,,,,,TabPFN,2019,2
8-30,0,,,,,,,TabPFN,2019,2
31-90,0,,,,,,,TabPFN,2019,2
91-180,0,,,,,,,TabPFN,2019,2
181-270,0,,,,,,,TabPFN,2019,2
271-365,0,,,,,,,TabPFN,2019,2
1-7,0,,,,,,,RF,2019,4
8-30,8,-3.897,73.322,62.346,1.6303,1.6288,-0.61,RF,2019,4
31-90,32,-0.686,29.099,23.133,1.0571,1.0591,0.186,RF,2019,4
91-180,62,0.177,79.448,50.212,0.6603,0.6609,0.455,RF,2019,4
181-270,61,0.52,25.094,18.775,0.6665,0.6674,0.751,RF,2019,4
271-365,66,0.183,47.692,20.438,0.7729,0.7744,0.504,RF,2019,4
1-7,0,,,,,,,XGB,2019,4
8-30,8,-3.177,67.714,55.475,1.4507,1.4493,-0.823,XGB,2019,4
31-90,32,-0.278,25.339,18.308,0.8366,0.8382,0.236,XGB,2019,4
91-180,62,0.186,79.03,48.36,0.636,0.6366,0.475,XGB,2019,4
181-270,61,0.524,24.988,17.936,0.6368,0.6376,0.766,XGB,2019,4
271-365,66,0.122,49.444,21.613,0.8173,0.819,0.355,XGB,2019,4
1-7,0,,,,,,,LightGBM,2019,4
8-30,8,-2.896,65.403,54.476,1.4245,1.4232,-0.467,LightGBM,2019,4
31-90,32,-0.251,25.066,18.159,0.8298,0.8314,0.272,LightGBM,2019,4
91-180,62,0.184,79.1,47.721,0.6276,0.6281,0.492,LightGBM,2019,4
181-270,61,0.57,23.767,16.798,0.5963,0.5971,0.766,LightGBM,2019,4
271-365,66,0.12,49.495,20.234,0.7651,0.7667,0.379,LightGBM,2019,4
1-7,0,,,,,,,SARIMAX,2019,4
8-30,8,-1.688,54.324,42.891,1.1216,1.1205,-0.354,SARIMAX,2019,4
31-90,32,-0.242,24.981,19.951,0.9117,0.9134,0.054,SARIMAX,2019,4
91-180,62,0.224,77.163,51.098,0.672,0.6726,0.479,SARIMAX,2019,4
181-270,61,0.451,26.843,21.259,0.7547,0.7557,0.774,SARIMAX,2019,4
271-365,66,0.091,50.3,26.295,0.9943,0.9963,0.407,SARIMAX,2019,4
1-7,0,,,,,,,Ensemble_unweighted,2019,4
8-30,8,-2.857,65.073,53.515,1.3994,1.3981,-0.643,Ensemble_unweighted,2019,4
31-90,32,-0.123,23.749,17.236,0.7876,0.7891,0.217,Ensemble_unweighted,2019,4
91-180,62,0.203,78.196,48.61,0.6393,0.6398,0.483,Ensemble_unweighted,2019,4
181-270,61,0.573,23.687,16.725,0.5938,0.5945,0.771,Ensemble_unweighted,2019,4
271-365,66,0.156,48.484,20.146,0.7618,0.7634,0.421,Ensemble_unweighted,2019,4
1-7,0,,,,,,,Ensemble_MASEweighted,2019,4
8-30,8,-2.866,65.149,53.592,1.4014,1.4001,-0.646,Ensemble_MASEweighted,2019,4
31-90,32,-0.127,23.793,17.256,0.7886,0.79,0.219,Ensemble_MASEweighted,2019,4
91-180,62,0.202,78.218,48.596,0.6391,0.6397,0.483,Ensemble_MASEweighted,2019,4
181-270,61,0.572,23.691,16.739,0.5943,0.595,0.771,Ensemble_MASEweighted,2019,4
271-365,66,0.155,48.504,20.145,0.7618,0.7633,0.42,Ensemble_MASEweighted,2019,4
1-7,0,,,,,,,TFT,2019,4
8-30,8,-1.782,55.264,44.52,1.1642,1.1631,0.216,TFT,2019,4
31-90,32,-0.215,24.707,19.295,0.8817,0.8834,-0.144,TFT,2019,4
91-180,62,-0.024,88.61,53.176,0.6993,0.6999,0.378,TFT,2019,4
181-270,61,0.231,31.782,22.355,0.7936,0.7947,0.496,TFT,2019,4
271-365,66,-0.107,55.504,23.737,0.8976,0.8994,-0.135,TFT,2019,4
1-7,0,,,,,,,TabPFN,2019,4
8-30,8,-1.538,52.786,41.345,1.0812,1.0801,-0.027,TabPFN,2019,4
31-90,32,-0.159,24.123,19.148,0.875,0.8767,0.48,TabPFN,2019,4
91-180,62,-0.296,99.709,59.246,0.7792,0.7798,0.429,TabPFN,2019,4
181-270,61,0.302,30.277,20.575,0.7304,0.7314,0.762,TabPFN,2019,4
271-365,66,-0.051,54.085,22.377,0.8462,0.8479,0.415,TabPFN,2019,4
1-7,0,,,,,,,RF,2019,9
8-30,0,,,,,,,RF,2019,9
31-90,16,-0.908,27.743,22.691,1.3724,0.9977,0.243,RF,2019,9
91-180,81,0.287,60.328,44.271,0.7803,0.7165,0.556,RF,2019,9
181-270,49,0.031,66.251,42.886,1.1105,1.0911,0.361,RF,2019,9
271-365,49,0.101,108.359,55.68,0.7858,0.7413,0.626,RF,2019,9
1-7,0,,,,,,,XGB,2019,9
8-30,0,,,,,,,XGB,2019,9
31-90,16,-0.836,27.213,21.111,1.2769,0.9283,0.336,XGB,2019,9
91-180,81,0.305,59.536,42.313,0.7458,0.6848,0.57,XGB,2019,9
181-270,49,0.017,66.74,45.156,1.1693,1.1489,0.388,XGB,2019,9
271-365,49,0.152,105.289,54.091,0.7633,0.7201,0.633,XGB,2019,9
1-7,0,,,,,,,LightGBM,2019,9
8-30,0,,,,,,,LightGBM,2019,9
31-90,16,-1.967,34.59,25.196,1.5239,1.1079,0.351,LightGBM,2019,9
91-180,81,0.289,60.21,42.791,0.7542,0.6925,0.551,LightGBM,2019,9
181-270,49,0.071,64.888,43.142,1.1171,1.0976,0.406,LightGBM,2019,9
271-365,49,0.105,108.169,56.35,0.7952,0.7502,0.601,LightGBM,2019,9
1-7,0,,,,,,,SARIMAX,2019,9
8-30,0,,,,,,,SARIMAX,2019,9
31-90,16,-0.106,21.119,15.255,0.9226,0.6707,0.064,SARIMAX,2019,9
91-180,81,0.327,58.583,39.938,0.704,0.6463,0.576,SARIMAX,2019,9
181-270,49,0.143,62.315,37.446,0.9697,0.9527,0.385,SARIMAX,2019,9
271-365,49,0.09,109.044,56.908,0.8031,0.7576,0.591,SARIMAX,2019,9
1-7,0,,,,,,,Ensemble_unweighted,2019,9
8-30,0,,,,,,,Ensemble_unweighted,2019,9
31-90,16,-0.644,25.752,20.503,1.24,0.9015,0.308,Ensemble_unweighted,2019,9
91-180,81,0.317,59.012,42.006,0.7404,0.6798,0.579,Ensemble_unweighted,2019,9
181-270,49,0.095,64.019,40.132,1.0392,1.0211,0.388,Ensemble_unweighted,2019,9
271-365,49,0.123,107.056,53.81,0.7594,0.7164,0.624,Ensemble_unweighted,2019,9
1-7,0,,,,,,,Ensemble_MASEweighted,2019,9
8-30,0,,,,,,,Ensemble_MASEweighted,2019,9
31-90,16,-0.66,25.874,20.577,1.2445,0.9048,0.31,Ensemble_MASEweighted,2019,9
91-180,81,0.317,59.026,42.022,0.7407,0.6801,0.579,Ensemble_MASEweighted,2019,9
181-270,49,0.094,64.07,40.251,1.0423,1.0241,0.388,Ensemble_MASEweighted,2019,9
271-365,49,0.123,107.035,53.827,0.7596,0.7166,0.625,Ensemble_MASEweighted,2019,9
1-7,0,,,,,,,TFT,2019,9
8-30,0,,,,,,,TFT,2019,9
31-90,16,-0.529,24.829,18.24,1.1032,0.802,-0.211,TFT,2019,9
91-180,81,0.014,70.944,44.281,0.7805,0.7166,0.413,TFT,2019,9
181-270,49,0.014,66.831,42.005,1.0877,1.0687,0.203,TFT,2019,9
271-365,49,-0.271,128.897,70.671,0.9973,0.9408,-0.034,TFT,2019,9
1-7,0,,,,,,,TabPFN,2019,9
8-30,0,,,,,,,TabPFN,2019,9
31-90,16,-1.012,28.484,22.743,1.3755,1.0,,TabPFN,2019,9
91-180,81,-0.64,91.467,61.791,1.0891,1.0,,TabPFN,2019,9
181-270,49,-0.036,68.515,39.304,1.0178,1.0,,TabPFN,2019,9
271-365,49,-0.406,135.523,75.116,1.06,1.0,,TabPFN,2019,9
1-7,0,,,,,,,RF,2020,2
8-30,0,,,,,,,RF,2020,2
31-90,0,,,,,,,RF,2020,2
91-180,0,,,,,,,RF,2020,2
181-270,0,,,,,,,RF,2020,2
271-365,0,,,,,,,RF,2020,2
1-7,0,,,,,,,XGB,2020,2
8-30,0,,,,,,,XGB,2020,2
31-90,0,,,,,,,XGB,2020,2
91-180,0,,,,,,,XGB,2020,2
181-270,0,,,,,,,XGB,2020,2
271-365,0,,,,,,,XGB,2020,2
1-7,0,,,,,,,LightGBM,2020,2
8-30,0,,,,,,,LightGBM,2020,2
31-90,0,,,,,,,LightGBM,2020,2
91-180,0,,,,,,,LightGBM,2020,2
181-270,0,,,,,,,LightGBM,2020,2
271-365,0,,,,,,,LightGBM,2020,2
1-7,0,,,,,,,SARIMAX,2020,2
8-30,0,,,,,,,SARIMAX,2020,2
31-90,0,,,,,,,SARIMAX,2020,2
91-180,0,,,,,,,SARIMAX,2020,2
181-270,0,,,,,,,SARIMAX,2020,2
271-365,0,,,,,,,SARIMAX,2020,2
1-7,0,,,,,,,Ensemble_unweighted,2020,2
8-30,0,,,,,,,Ensemble_unweighted,2020,2
31-90,0,,,,,,,Ensemble_unweighted,2020,2
91-180,0,,,,,,,Ensemble_unweighted,2020,2
181-270,0,,,,,,,Ensemble_unweighted,2020,2
271-365,0,,,,,,,Ensemble_unweighted,2020,2
1-7,0,,,,,,,Ensemble_MASEweighted,2020,2
8-30,0,,,,,,,Ensemble_MASEweighted,2020,2
31-90,0,,,,,,,Ensemble_MASEweighted,2020,2
91-180,0,,,,,,,Ensemble_MASEweighted,2020,2
181-270,0,,,,,,,Ensemble_MASEweighted,2020,2
271-365,0,,,,,,,Ensemble_MASEweighted,2020,2
1-7,0,,,,,,,TFT,2020,2
8-30,0,,,,,,,TFT,2020,2
31-90,0,,,,,,,TFT,2020,2
91-180,0,,,,,,,TFT,2020,2
181-270,0,,,,,,,TFT,2020,2
271-365,0,,,,,,,TFT,2020,2
1-7,0,,,,,,,TabPFN,2020,2
8-30,0,,,,,,,TabPFN,2020,2
31-90,0,,,,,,,TabPFN,2020,2
91-180,0,,,,,,,TabPFN,2020,2
181-270,0,,,,,,,TabPFN,2020,2
271-365,0,,,,,,,TabPFN,2020,2
1-7,4,-5.172,18.727,17.226,1.5305,1.9431,0.425,RF,2020,4
8-30,21,-1.103,21.374,18.281,1.4464,1.5934,0.211,RF,2020,4
31-90,37,-0.096,45.971,31.407,1.1887,1.0829,-0.075,RF,2020,4
91-180,42,0.039,20.538,16.492,0.9756,0.7853,0.31,RF,2020,4
181-270,79,0.112,77.159,49.943,0.9796,0.8195,0.347,RF,2020,4
271-365,80,0.232,87.457,35.142,0.8962,0.8147,0.56,RF,2020,4
1-7,4,-6.158,20.168,18.534,1.6468,2.0907,0.38,XGB,2020,4
8-30,21,-0.431,17.629,13.287,1.0513,1.1581,0.169,XGB,2020,4
31-90,37,-0.121,46.498,30.907,1.1697,1.0657,-0.195,XGB,2020,4
91-180,42,-0.005,21.007,16.443,0.9728,0.783,0.236,XGB,2020,4
181-270,79,0.097,77.818,48.07,0.9428,0.7888,0.311,XGB,2020,4
271-365,80,0.143,92.422,39.833,1.0158,0.9234,0.422,XGB,2020,4
1-7,4,-5.556,19.301,17.701,1.5727,1.9967,0.326,LightGBM,2020,4
8-30,21,-0.603,18.659,14.546,1.1509,1.2678,0.203,LightGBM,2020,4
31-90,37,-0.116,46.404,31.577,1.1951,1.0887,-0.133,LightGBM,2020,4
91-180,42,0.032,20.614,16.448,0.973,0.7832,0.247,LightGBM,2020,4
181-270,79,0.105,77.458,48.826,0.9577,0.8012,0.326,LightGBM,2020,4
271-365,80,0.145,92.326,39.23,1.0004,0.9094,0.435,LightGBM,2020,4
1-7,4,-1.438,11.771,9.319,0.828,1.0512,0.018,SARIMAX,2020,4
8-30,21,0.189,13.273,10.237,0.8099,0.8922,0.448,SARIMAX,2020,4
31-90,37,-0.057,45.149,26.698,1.0104,0.9205,0.049,SARIMAX,2020,4
91-180,42,0.056,20.353,17.31,1.024,0.8242,0.421,SARIMAX,2020,4
181-270,79,0.094,77.92,50.953,0.9994,0.8361,0.317,SARIMAX,2020,4
271-365,80,0.124,93.447,40.837,1.0414,0.9467,0.371,SARIMAX,2020,4
1-7,4,-4.187,17.169,15.519,1.3789,1.7506,0.358,Ensemble_unweighted,2020,4
8-30,21,-0.279,16.667,12.264,0.9703,1.0689,0.275,Ensemble_unweighted,2020,4
31-90,37,-0.08,45.633,29.787,1.1274,1.027,-0.099,Ensemble_unweighted,2020,4
91-180,42,0.087,20.017,16.136,0.9546,0.7683,0.345,Ensemble_unweighted,2020,4
181-270,79,0.109,77.283,48.961,0.9603,0.8034,0.332,Ensemble_unweighted,2020,4
271-365,80,0.167,91.13,37.661,0.9604,0.8731,0.462,Ensemble_unweighted,2020,4
1-7,4,-4.238,17.253,15.609,1.3869,1.7608,0.359,Ensemble_MASEweighted,2020,4
8-30,21,-0.287,16.718,12.31,0.974,1.073,0.272,Ensemble_MASEweighted,2020,4
31-90,37,-0.081,45.656,29.837,1.1292,1.0288,-0.101,Ensemble_MASEweighted,2020,4
91-180,42,0.086,20.033,16.119,0.9536,0.7675,0.342,Ensemble_MASEweighted,2020,4
181-270,79,0.109,77.287,48.944,0.96,0.8031,0.332,Ensemble_MASEweighted,2020,4
271-365,80,0.166,91.154,37.693,0.9612,0.8738,0.462,Ensemble_MASEweighted,2020,4
1-7,4,-0.319,8.658,6.31,0.5607,0.7118,0.064,TFT,2020,4
8-30,21,-0.492,18.002,12.334,0.9759,1.075,-0.217,TFT,2020,4
31-90,37,0.037,43.096,25.098,0.9499,0.8654,0.302,TFT,2020,4
91-180,42,-0.008,21.035,16.289,0.9636,0.7756,0.433,TFT,2020,4
181-270,79,-0.122,86.74,53.871,1.0566,0.884,0.142,TFT,2020,4
271-365,80,-0.006,100.114,39.508,1.0075,0.9159,0.15,TFT,2020,4
1-7,4,-0.225,8.342,6.304,0.5601,0.7111,-0.743,TabPFN,2020,4
8-30,21,-0.004,14.766,8.978,0.7103,0.7825,-0.045,TabPFN,2020,4
31-90,37,-0.076,45.564,26.227,0.9926,0.9043,0.6,TabPFN,2020,4
91-180,42,0.1,19.88,14.863,0.8792,0.7077,0.397,TabPFN,2020,4
181-270,79,0.033,80.503,45.003,0.8827,0.7385,0.368,TabPFN,2020,4
271-365,80,0.073,96.093,35.512,0.9056,0.8232,0.495,TabPFN,2020,4
1-7,4,-58.269,28.61,28.046,1.1485,8.5647,0.595,RF,2020,9
8-30,19,0.008,151.367,59.29,0.9622,0.9098,0.339,RF,2020,9
31-90,24,-2.904,28.282,23.872,1.1454,1.9635,0.404,RF,2020,9
91-180,57,-0.156,21.814,16.256,0.8791,0.8752,0.19,RF,2020,9
181-270,64,0.161,88.088,60.761,0.9914,0.8971,0.403,RF,2020,9
271-365,86,0.115,49.982,31.169,0.8995,0.9469,0.404,RF,2020,9
1-7,4,-68.778,31.043,30.561,1.2515,9.3326,0.471,XGB,2020,9
8-30,19,0.035,149.279,59.909,0.9722,0.9193,0.381,XGB,2020,9
31-90,24,-3.719,31.092,24.63,1.1817,2.0258,0.263,XGB,2020,9
91-180,57,-0.162,21.873,16.205,0.8763,0.8725,0.12,XGB,2020,9
181-270,64,0.19,86.575,57.953,0.9455,0.8557,0.466,XGB,2020,9
271-365,86,0.125,49.681,30.623,0.8837,0.9303,0.399,XGB,2020,9
1-7,4,-56.661,28.219,27.811,1.1389,8.4927,0.448,LightGBM,2020,9
8-30,19,0.056,147.662,60.231,0.9775,0.9242,0.443,LightGBM,2020,9
31-90,24,-4.157,32.505,26.138,1.2541,2.1499,0.306,LightGBM,2020,9
91-180,57,-0.119,21.464,15.777,0.8532,0.8494,0.125,LightGBM,2020,9
181-270,64,0.165,87.892,60.043,0.9796,0.8865,0.43,LightGBM,2020,9
271-365,86,0.108,50.16,31.948,0.9219,0.9705,0.395,LightGBM,2020,9
1-7,4,-53.211,27.362,24.05,0.9849,7.3442,0.233,SARIMAX,2020,9
8-30,19,-0.064,156.763,59.521,0.9659,0.9133,0.307,SARIMAX,2020,9
31-90,24,-1.031,20.398,15.203,0.7294,1.2505,0.43,SARIMAX,2020,9
91-180,57,-0.136,21.625,15.425,0.8341,0.8305,0.048,SARIMAX,2020,9
181-270,64,0.208,85.6,56.597,0.9234,0.8357,0.469,SARIMAX,2020,9
271-365,86,-0.007,53.307,32.548,0.9393,0.9888,0.255,SARIMAX,2020,9
1-7,4,-56.072,28.075,27.617,1.131,8.4336,0.528,Ensemble_unweighted,2020,9
8-30,19,0.013,150.949,58.23,0.945,0.8935,0.381,Ensemble_unweighted,2020,9
31-90,24,-2.664,27.397,21.374,1.0255,1.758,0.356,Ensemble_unweighted,2020,9
91-180,57,-0.1,21.283,15.385,0.832,0.8283,0.13,Ensemble_unweighted,2020,9
181-270,64,0.187,86.721,58.232,0.9501,0.8598,0.45,Ensemble_unweighted,2020,9
271-365,86,0.098,50.452,31.03,0.8955,0.9427,0.367,Ensemble_unweighted,2020,9
1-7,4,-56.25,28.118,27.673,1.1332,8.4505,0.531,Ensemble_MASEweighted,2020,9
8-30,19,0.015,150.867,58.272,0.9457,0.8941,0.382,Ensemble_MASEweighted,2020,9
31-90,24,-2.7,27.532,21.508,1.0319,1.769,0.354,Ensemble_MASEweighted,2020,9
91-180,57,-0.101,21.288,15.391,0.8323,0.8286,0.13,Ensemble_MASEweighted,2020,9
181-270,64,0.187,86.732,58.244,0.9503,0.86,0.45,Ensemble_MASEweighted,2020,9
271-365,86,0.099,50.425,31.03,0.8954,0.9427,0.368,Ensemble_MASEweighted,2020,9
1-7,4,-12.742,13.776,13.541,0.5545,4.135,0.731,TFT,2020,9
8-30,19,-0.088,158.549,62.824,1.0195,0.964,0.402,TFT,2020,9
31-90,24,-0.368,16.74,13.19,0.6328,1.0849,0.281,TFT,2020,9
91-180,57,-0.816,27.342,21.454,1.1601,1.155,0.136,TFT,2020,9
181-270,64,0.088,91.865,57.689,0.9412,0.8518,0.412,TFT,2020,9
271-365,86,-0.043,54.263,34.769,1.0033,1.0562,0.271,TFT,2020,9
1-7,4,-24.669,18.828,15.592,0.6385,4.7615,0.066,TabPFN,2020,9
8-30,19,-0.02,153.488,58.932,0.9564,0.9043,0.297,TabPFN,2020,9
31-90,24,-0.19,15.613,13.412,0.6435,1.1031,0.217,TabPFN,2020,9
91-180,57,-0.272,22.885,17.049,0.9219,0.9179,0.133,TabPFN,2020,9
181-270,64,-0.103,101.037,59.342,0.9682,0.8762,0.386,TabPFN,2020,9
271-365,86,-0.045,54.305,32.06,0.9252,0.9739,0.063,TabPFN,2020,9
1-7,0,,,,,,,RF,2021,2
8-30,0,,,,,,,RF,2021,2
31-90,0,,,,,,,RF,2021,2
91-180,0,,,,,,,RF,2021,2
181-270,0,,,,,,,RF,2021,2
271-365,0,,,,,,,RF,2021,2
1-7,0,,,,,,,XGB,2021,2
8-30,0,,,,,,,XGB,2021,2
31-90,0,,,,,,,XGB,2021,2
91-180,0,,,,,,,XGB,2021,2
181-270,0,,,,,,,XGB,2021,2
271-365,0,,,,,,,XGB,2021,2
1-7,0,,,,,,,LightGBM,2021,2
8-30,0,,,,,,,LightGBM,2021,2
31-90,0,,,,,,,LightGBM,2021,2
91-180,0,,,,,,,LightGBM,2021,2
181-270,0,,,,,,,LightGBM,2021,2
271-365,0,,,,,,,LightGBM,2021,2
1-7,0,,,,,,,SARIMAX,2021,2
8-30,0,,,,,,,SARIMAX,2021,2
31-90,0,,,,,,,SARIMAX,2021,2
91-180,0,,,,,,,SARIMAX,2021,2
181-270,0,,,,,,,SARIMAX,2021,2
271-365,0,,,,,,,SARIMAX,2021,2
1-7,0,,,,,,,Ensemble_unweighted,2021,2
8-30,0,,,,,,,Ensemble_unweighted,2021,2
31-90,0,,,,,,,Ensemble_unweighted,2021,2
91-180,0,,,,,,,Ensemble_unweighted,2021,2
181-270,0,,,,,,,Ensemble_unweighted,2021,2
271-365,0,,,,,,,Ensemble_unweighted,2021,2
1-7,0,,,,,,,Ensemble_MASEweighted,2021,2
8-30,0,,,,,,,Ensemble_MASEweighted,2021,2
31-90,0,,,,,,,Ensemble_MASEweighted,2021,2
91-180,0,,,,,,,Ensemble_MASEweighted,2021,2
181-270,0,,,,,,,Ensemble_MASEweighted,2021,2
271-365,0,,,,,,,Ensemble_MASEweighted,2021,2
1-7,0,,,,,,,TFT,2021,2
8-30,0,,,,,,,TFT,2021,2
31-90,0,,,,,,,TFT,2021,2
91-180,0,,,,,,,TFT,2021,2
181-270,0,,,,,,,TFT,2021,2
271-365,0,,,,,,,TFT,2021,2
1-7,0,,,,,,,TabPFN,2021,2
8-30,0,,,,,,,TabPFN,2021,2
31-90,0,,,,,,,TabPFN,2021,2
91-180,0,,,,,,,TabPFN,2021,2
181-270,0,,,,,,,TabPFN,2021,2
271-365,0,,,,,,,TabPFN,2021,2
1-7,3,-3.127,4.914,3.965,1.5974,0.4482,-0.999,RF,2021,4
8-30,19,-0.732,22.749,18.178,1.4303,1.2134,0.256,RF,2021,4
31-90,50,-0.182,22.291,17.646,1.3589,1.0222,0.115,RF,2021,4
91-180,90,0.209,88.374,52.998,0.8167,0.7262,0.51,RF,2021,4
181-270,88,0.222,89.067,68.949,1.0168,0.9665,0.499,RF,2021,4
271-365,91,-0.594,41.259,33.074,1.5877,1.4902,0.468,RF,2021,4
1-7,3,-1.803,4.05,3.57,1.4383,0.4035,-0.833,XGB,2021,4
8-30,19,-0.17,18.697,15.013,1.1813,1.0021,0.389,XGB,2021,4
31-90,50,-0.098,21.491,15.677,1.2073,0.9081,0.11,XGB,2021,4
91-180,90,0.137,92.34,58.427,0.9004,0.8006,0.371,XGB,2021,4
181-270,88,0.322,83.111,65.564,0.9669,0.9191,0.614,XGB,2021,4
271-365,91,-0.514,40.208,31.416,1.508,1.4154,0.473,XGB,2021,4
1-7,3,-0.606,3.066,2.728,1.0991,0.3084,-0.986,LightGBM,2021,4
8-30,19,-0.214,19.049,14.677,1.1549,0.9797,0.371,LightGBM,2021,4
31-90,50,-0.056,21.074,14.612,1.1253,0.8464,0.107,LightGBM,2021,4
91-180,90,0.193,89.313,55.597,0.8568,0.7618,0.45,LightGBM,2021,4
181-270,88,0.335,82.342,65.155,0.9608,0.9134,0.636,LightGBM,2021,4
271-365,91,-0.582,41.109,32.368,1.5538,1.4583,0.463,LightGBM,2021,4
1-7,3,-5.577,6.204,5.171,2.0832,0.5845,-0.434,SARIMAX,2021,4
8-30,19,0.013,17.173,12.58,0.9898,0.8397,0.251,SARIMAX,2021,4
31-90,50,0.016,20.343,13.56,1.0442,0.7854,0.176,SARIMAX,2021,4
91-180,90,0.111,93.69,56.891,0.8767,0.7795,0.344,SARIMAX,2021,4
181-270,88,0.207,89.9,64.547,0.9519,0.9048,0.477,SARIMAX,2021,4
271-365,91,-0.271,36.842,28.541,1.37,1.2859,0.509,SARIMAX,2021,4
1-7,3,-2.396,4.458,3.804,1.5325,0.43,-0.811,Ensemble_unweighted,2021,4
8-30,19,-0.2,18.936,14.696,1.1564,0.981,0.324,Ensemble_unweighted,2021,4
31-90,50,-0.035,20.864,15.05,1.159,0.8718,0.132,Ensemble_unweighted,2021,4
91-180,90,0.168,90.664,55.75,0.8591,0.7639,0.424,Ensemble_unweighted,2021,4
181-270,88,0.293,84.912,65.574,0.967,0.9192,0.577,Ensemble_unweighted,2021,4
271-365,91,-0.436,39.166,31.053,1.4907,1.3991,0.497,Ensemble_unweighted,2021,4
1-7,3,-2.352,4.429,3.785,1.5247,0.4278,-0.815,Ensemble_MASEweighted,2021,4
8-30,19,-0.201,18.94,14.708,1.1573,0.9818,0.326,Ensemble_MASEweighted,2021,4
31-90,50,-0.036,20.876,15.061,1.1598,0.8724,0.131,Ensemble_MASEweighted,2021,4
91-180,90,0.168,90.656,55.777,0.8595,0.7642,0.424,Ensemble_MASEweighted,2021,4
181-270,88,0.294,84.821,65.575,0.967,0.9192,0.579,Ensemble_MASEweighted,2021,4
271-365,91,-0.439,39.203,31.078,1.4918,1.4002,0.497,Ensemble_MASEweighted,2021,4
1-7,3,-23.528,11.98,11.028,4.443,1.2466,-0.434,TFT,2021,4
8-30,19,-2.246,31.145,25.837,2.0329,1.7246,0.092,TFT,2021,4
31-90,50,-1.237,30.67,21.95,1.6903,1.2714,-0.02,TFT,2021,4
91-180,90,0.093,94.661,56.746,0.8745,0.7775,0.446,TFT,2021,4
181-270,88,0.175,91.7,64.082,0.945,0.8983,0.467,TFT,2021,4
271-365,91,-5.707,84.638,49.741,2.3877,2.2411,0.268,TFT,2021,4
1-7,3,-0.733,3.185,3.027,1.2194,0.3421,-0.181,TabPFN,2021,4
8-30,19,0.105,16.355,11.531,0.9073,0.7697,0.526,TabPFN,2021,4
31-90,50,0.006,20.449,12.437,0.9578,0.7204,0.356,TabPFN,2021,4
91-180,90,-0.007,99.739,49.504,0.7629,0.6783,0.406,TabPFN,2021,4
181-270,88,0.061,97.856,61.872,0.9124,0.8673,0.46,TabPFN,2021,4
271-365,91,0.164,29.877,19.7,0.9457,0.8876,0.445,TabPFN,2021,4
1-7,1,,,,,,,RF,2021,9
8-30,12,-0.312,21.001,17.672,0.7054,1.2866,0.072,RF,2021,9
31-90,35,-0.415,18.271,15.653,0.6508,1.5338,0.115,RF,2021,9
91-180,85,0.208,90.823,52.531,0.6794,0.5708,0.533,RF,2021,9
181-270,47,0.043,60.894,45.398,0.9748,0.7038,0.238,RF,2021,9
271-365,0,,,,,,,RF,2021,9
1-7,1,,,,,,,XGB,2021,9
8-30,12,-0.045,18.74,14.267,0.5695,1.0387,0.208,XGB,2021,9
31-90,35,-0.17,16.618,13.311,0.5535,1.3043,0.069,XGB,2021,9
91-180,85,0.241,88.936,53.762,0.6953,0.5841,0.545,XGB,2021,9
181-270,47,-0.133,66.249,47.41,1.018,0.735,0.127,XGB,2021,9
271-365,0,,,,,,,XGB,2021,9
1-7,1,,,,,,,LightGBM,2021,9
8-30,12,0.053,17.844,12.972,0.5178,0.9444,0.369,LightGBM,2021,9
31-90,35,-0.318,17.632,14.126,0.5874,1.3842,-0.081,LightGBM,2021,9
91-180,85,0.267,87.374,52.862,0.6836,0.5744,0.53,LightGBM,2021,9
181-270,47,0.021,61.582,44.688,0.9596,0.6928,0.22,LightGBM,2021,9
271-365,0,,,,,,,LightGBM,2021,9
1-7,1,,,,,,,SARIMAX,2021,9
8-30,12,-1.705,30.15,24.869,0.9927,1.8106,0.165,SARIMAX,2021,9
31-90,35,-2.924,30.429,24.609,1.0232,2.4114,-0.033,SARIMAX,2021,9
91-180,85,-0.005,102.362,63.924,0.8267,0.6946,0.483,SARIMAX,2021,9
181-270,47,-0.219,68.732,47.692,1.0241,0.7394,0.324,SARIMAX,2021,9
271-365,0,,,,,,,SARIMAX,2021,9
1-7,1,,,,,,,Ensemble_unweighted,2021,9
8-30,12,0.018,18.168,13.126,0.524,0.9557,0.188,Ensemble_unweighted,2021,9
31-90,35,-0.102,16.126,10.65,0.4428,1.0436,0.002,Ensemble_unweighted,2021,9
91-180,85,0.207,90.88,52.383,0.6774,0.5692,0.534,Ensemble_unweighted,2021,9
181-270,47,-0.016,62.737,44.206,0.9492,0.6854,0.227,Ensemble_unweighted,2021,9
271-365,0,,,,,,,Ensemble_unweighted,2021,9
1-7,1,,,,,,,Ensemble_MASEweighted,2021,9
8-30,12,0.021,18.138,13.104,0.5231,0.9541,0.19,Ensemble_MASEweighted,2021,9
31-90,35,-0.099,16.105,10.71,0.4453,1.0495,0.002,Ensemble_MASEweighted,2021,9
91-180,85,0.21,90.759,52.344,0.6769,0.5687,0.534,Ensemble_MASEweighted,2021,9
181-270,47,-0.016,62.745,44.22,0.9495,0.6856,0.225,Ensemble_MASEweighted,2021,9
271-365,0,,,,,,,Ensemble_MASEweighted,2021,9
1-7,1,,,,,,,TFT,2021,9
8-30,12,-3.963,40.838,33.701,1.3453,2.4536,-0.416,TFT,2021,9
31-90,35,-2.112,27.099,21.147,0.8793,2.0721,0.155,TFT,2021,9
91-180,85,-0.12,108.023,70.331,0.9096,0.7642,0.401,TFT,2021,9
181-270,47,-0.059,64.065,49.33,1.0593,0.7648,0.407,TFT,2021,9
271-365,0,,,,,,,TFT,2021,9
1-7,1,,,,,,,TabPFN,2021,9
8-30,12,0.007,18.271,13.067,0.5216,0.9513,0.326,TabPFN,2021,9
31-90,35,-0.028,15.577,9.196,0.3824,0.9011,0.288,TabPFN,2021,9
91-180,85,-0.088,106.497,62.632,0.81,0.6805,0.541,TabPFN,2021,9
181-270,47,-0.331,71.816,50.727,1.0893,0.7865,0.409,TabPFN,2021,9
271-365,0,,,,,,,TabPFN,2021,9
1-7,0,,,,,,,RF,2022,2
8-30,0,,,,,,,RF,2022,2
31-90,0,,,,,,,RF,2022,2
91-180,0,,,,,,,RF,2022,2
181-270,0,,,,,,,RF,2022,2
271-365,0,,,,,,,RF,2022,2
1-7,0,,,,,,,XGB,2022,2
8-30,0,,,,,,,XGB,2022,2
31-90,0,,,,,,,XGB,2022,2
91-180,0,,,,,,,XGB,2022,2
181-270,0,,,,,,,XGB,2022,2
271-365,0,,,,,,,XGB,2022,2
1-7,0,,,,,,,LightGBM,2022,2
8-30,0,,,,,,,LightGBM,2022,2
31-90,0,,,,,,,LightGBM,2022,2
91-180,0,,,,,,,LightGBM,2022,2
181-270,0,,,,,,,LightGBM,2022,2
271-365,0,,,,,,,LightGBM,2022,2
1-7,0,,,,,,,SARIMAX,2022,2
8-30,0,,,,,,,SARIMAX,2022,2
31-90,0,,,,,,,SARIMAX,2022,2
91-180,0,,,,,,,SARIMAX,2022,2
181-270,0,,,,,,,SARIMAX,2022,2
271-365,0,,,,,,,SARIMAX,2022,2
1-7,0,,,,,,,Ensemble_unweighted,2022,2
8-30,0,,,,,,,Ensemble_unweighted,2022,2
31-90,0,,,,,,,Ensemble_unweighted,2022,2
91-180,0,,,,,,,Ensemble_unweighted,2022,2
181-270,0,,,,,,,Ensemble_unweighted,2022,2
271-365,0,,,,,,,Ensemble_unweighted,2022,2
1-7,0,,,,,,,Ensemble_MASEweighted,2022,2
8-30,0,,,,,,,Ensemble_MASEweighted,2022,2
31-90,0,,,,,,,Ensemble_MASEweighted,2022,2
91-180,0,,,,,,,Ensemble_MASEweighted,2022,2
181-270,0,,,,,,,Ensemble_MASEweighted,2022,2
271-365,0,,,,,,,Ensemble_MASEweighted,2022,2
1-7,0,,,,,,,TFT,2022,2
8-30,0,,,,,,,TFT,2022,2
31-90,0,,,,,,,TFT,2022,2
91-180,0,,,,,,,TFT,2022,2
181-270,0,,,,,,,TFT,2022,2
271-365,0,,,,,,,TFT,2022,2
1-7,0,,,,,,,TabPFN,2022,2
8-30,0,,,,,,,TabPFN,2022,2
31-90,0,,,,,,,TabPFN,2022,2
91-180,0,,,,,,,TabPFN,2022,2
181-270,0,,,,,,,TabPFN,2022,2
271-365,0,,,,,,,TabPFN,2022,2
1-7,0,,,,,,,RF,2022,4
8-30,0,,,,,,,RF,2022,4
31-90,1,,,,,,,RF,2022,4
91-180,75,0.018,32.969,26.392,1.2171,1.3167,0.492,RF,2022,4
181-270,74,0.121,55.0,38.694,1.0875,1.1265,0.52,RF,2022,4
271-365,74,0.179,29.821,22.152,0.9796,1.0473,0.532,RF,2022,4
1-7,0,,,,,,,XGB,2022,4
8-30,0,,,,,,,XGB,2022,4
31-90,1,,,,,,,XGB,2022,4
91-180,75,0.156,30.567,22.745,1.0489,1.1348,0.489,XGB,2022,4
181-270,74,0.098,55.717,39.229,1.1025,1.1421,0.506,XGB,2022,4
271-365,74,0.173,29.943,22.071,0.976,1.0435,0.485,XGB,2022,4
1-7,0,,,,,,,LightGBM,2022,4
8-30,0,,,,,,,LightGBM,2022,4
31-90,1,,,,,,,LightGBM,2022,4
91-180,75,0.075,32.006,24.154,1.1139,1.2051,0.413,LightGBM,2022,4
181-270,74,-0.085,61.111,45.956,1.2915,1.3379,0.495,LightGBM,2022,4
271-365,74,0.171,29.979,22.08,0.9764,1.0439,0.486,LightGBM,2022,4
1-7,0,,,,,,,SARIMAX,2022,4
8-30,0,,,,,,,SARIMAX,2022,4
31-90,1,,,,,,,SARIMAX,2022,4
91-180,75,0.202,29.725,23.248,1.0721,1.1599,0.585,SARIMAX,2022,4
181-270,74,0.044,57.372,41.001,1.1523,1.1937,0.502,SARIMAX,2022,4
271-365,74,-0.058,33.861,25.482,1.1268,1.2047,0.432,SARIMAX,2022,4
1-7,0,,,,,,,Ensemble_unweighted,2022,4
8-30,0,,,,,,,Ensemble_unweighted,2022,4
31-90,1,,,,,,,Ensemble_unweighted,2022,4
91-180,75,0.129,31.049,23.916,1.1029,1.1932,0.524,Ensemble_unweighted,2022,4
181-270,74,0.062,56.82,40.952,1.1509,1.1922,0.512,Ensemble_unweighted,2022,4
271-365,74,0.157,30.215,22.443,0.9925,1.0611,0.49,Ensemble_unweighted,2022,4
1-7,0,,,,,,,Ensemble_MASEweighted,2022,4
8-30,0,,,,,,,Ensemble_MASEweighted,2022,4
31-90,1,,,,,,,Ensemble_MASEweighted,2022,4
91-180,75,0.129,31.054,23.905,1.1024,1.1926,0.522,Ensemble_MASEweighted,2022,4
181-270,74,0.061,56.84,40.981,1.1517,1.1931,0.512,Ensemble_MASEweighted,2022,4
271-365,74,0.158,30.196,22.417,0.9913,1.0598,0.49,Ensemble_MASEweighted,2022,4
1-7,0,,,,,,,TFT,2022,4
8-30,0,,,,,,,TFT,2022,4
31-90,1,,,,,,,TFT,2022,4
91-180,75,0.217,29.446,22.186,1.0231,1.1069,0.537,TFT,2022,4
181-270,74,0.179,53.157,37.505,1.054,1.0919,0.587,TFT,2022,4
271-365,74,-0.433,39.41,28.836,1.2752,1.3633,0.509,TFT,2022,4
1-7,0,,,,,,,TabPFN,2022,4
8-30,0,,,,,,,TabPFN,2022,4
31-90,1,,,,,,,TabPFN,2022,4
91-180,75,0.182,30.09,20.051,0.9246,1.0003,0.568,TabPFN,2022,4
181-270,74,0.188,52.869,29.39,0.826,0.8557,0.59,TabPFN,2022,4
271-365,74,0.144,30.446,20.397,0.902,0.9643,0.497,TabPFN,2022,4
1-7,0,,,,,,,RF,2022,9
8-30,0,,,,,,,RF,2022,9
31-90,14,-0.443,18.043,13.521,1.0564,1.0922,-0.065,RF,2022,9
91-180,84,-0.987,26.278,21.264,1.384,1.4352,0.123,RF,2022,9
181-270,84,-0.14,51.273,43.265,1.1456,1.16,0.602,RF,2022,9
271-365,89,0.125,45.335,29.651,0.9796,0.9987,0.428,RF,2022,9
1-7,0,,,,,,,XGB,2022,9
8-30,0,,,,,,,XGB,2022,9
31-90,14,-0.447,18.068,13.214,1.0324,1.0674,0.077,XGB,2022,9
91-180,84,-0.776,24.847,20.208,1.3153,1.3639,0.218,XGB,2022,9
181-270,84,0.06,46.576,39.629,1.0493,1.0625,0.558,XGB,2022,9
271-365,89,0.145,44.806,28.794,0.9513,0.9698,0.438,XGB,2022,9
1-7,0,,,,,,,LightGBM,2022,9
8-30,0,,,,,,,LightGBM,2022,9
31-90,14,-0.415,17.869,13.308,1.0396,1.0749,-0.03,LightGBM,2022,9
91-180,84,-0.802,25.026,20.512,1.3351,1.3844,0.203,LightGBM,2022,9
181-270,84,-0.491,58.652,49.198,1.3026,1.319,0.561,LightGBM,2022,9
271-365,89,0.055,47.092,31.433,1.0385,1.0587,0.328,LightGBM,2022,9
1-7,0,,,,,,,SARIMAX,2022,9
8-30,0,,,,,,,SARIMAX,2022,9
31-90,14,-1.217,22.363,20.884,1.6316,1.687,-0.362,SARIMAX,2022,9
91-180,84,-0.309,21.328,16.09,1.0473,1.086,0.086,SARIMAX,2022,9
181-270,84,-0.02,48.508,38.706,1.0248,1.0377,0.572,SARIMAX,2022,9
271-365,89,0.067,46.814,29.247,0.9663,0.9851,0.371,SARIMAX,2022,9
1-7,0,,,,,,,Ensemble_unweighted,2022,9
8-30,0,,,,,,,Ensemble_unweighted,2022,9
31-90,14,-0.35,17.451,13.835,1.0809,1.1175,-0.226,Ensemble_unweighted,2022,9
91-180,84,-0.448,22.432,17.438,1.135,1.177,0.168,Ensemble_unweighted,2022,9
181-270,84,-0.09,50.133,41.628,1.1022,1.116,0.585,Ensemble_unweighted,2022,9
271-365,89,0.123,45.377,29.147,0.963,0.9817,0.405,Ensemble_unweighted,2022,9
1-7,0,,,,,,,Ensemble_MASEweighted,2022,9
8-30,0,,,,,,,Ensemble_MASEweighted,2022,9
31-90,14,-0.35,17.448,13.792,1.0775,1.1141,-0.221,Ensemble_MASEweighted,2022,9
91-180,84,-0.458,22.508,17.534,1.1413,1.1835,0.169,Ensemble_MASEweighted,2022,9
181-270,84,-0.091,50.163,41.674,1.1034,1.1173,0.584,Ensemble_MASEweighted,2022,9
271-365,89,0.123,45.38,29.166,0.9636,0.9824,0.406,Ensemble_MASEweighted,2022,9
1-7,0,,,,,,,TFT,2022,9
8-30,0,,,,,,,TFT,2022,9
31-90,14,-2.274,27.176,21.641,1.6907,1.7481,0.325,TFT,2022,9
91-180,84,-2.107,32.862,25.962,1.6898,1.7523,0.21,TFT,2022,9
181-270,84,-1.509,76.071,59.587,1.5777,1.5976,0.481,TFT,2022,9
271-365,89,-0.233,53.799,39.062,1.2906,1.3157,0.344,TFT,2022,9
1-7,0,,,,,,,TabPFN,2022,9
8-30,0,,,,,,,TabPFN,2022,9
31-90,14,0.023,14.847,11.837,0.9247,0.9561,0.485,TabPFN,2022,9
91-180,84,0.037,18.296,13.332,0.8678,0.8999,0.262,TabPFN,2022,9
181-270,84,-0.044,49.076,39.634,1.0494,1.0626,0.572,TabPFN,2022,9
271-365,89,0.142,44.875,26.69,0.8818,0.899,0.392,TabPFN,2022,9
