bin,n,R2,MAE,MASE,model,alpha,anchor_year
1-7,1,,,,RF,1.0,2018
8-30,7,-0.86,11.25,0.7416,RF,1.0,2018
31-90,33,0.045,13.789,0.8395,RF,1.0,2018
91-180,83,-0.79,19.423,1.0658,RF,1.0,2018
181-270,72,0.149,55.814,0.9135,RF,1.0,2018
271-365,67,-0.048,37.022,1.2161,RF,1.0,2018
1-7,1,,,,RF,0.5,2018
8-30,7,-1.441,12.697,0.8369,RF,0.5,2018
31-90,33,0.169,11.018,0.6708,RF,0.5,2018
91-180,83,-0.815,20.973,1.1509,RF,0.5,2018
181-270,72,0.04,58.11,0.9511,RF,0.5,2018
271-365,67,-0.024,32.888,1.0804,RF,0.5,2018
1-7,1,,,,RF,0.0,2018
8-30,7,-1.493,12.719,0.8384,RF,0.0,2018
31-90,33,0.131,10.953,0.6668,RF,0.0,2018
91-180,83,-1.014,22.326,1.2251,RF,0.0,2018
181-270,72,0.056,56.606,0.9265,RF,0.0,2018
271-365,67,-0.024,31.533,1.0358,RF,0.0,2018
1-7,1,,,,XGB,1.0,2018
8-30,7,-0.089,7.835,0.5165,XGB,1.0,2018
31-90,33,0.03,12.084,0.7357,XGB,1.0,2018
91-180,83,-0.349,15.765,0.8651,XGB,1.0,2018
181-270,72,0.071,57.067,0.934,XGB,1.0,2018
271-365,67,0.066,30.811,1.0121,XGB,1.0,2018
1-7,1,,,,XGB,0.5,2018
8-30,7,-0.588,10.091,0.6652,XGB,0.5,2018
31-90,33,0.002,12.106,0.737,XGB,0.5,2018
91-180,83,-0.567,18.795,1.0313,XGB,0.5,2018
181-270,72,0.024,56.679,0.9277,XGB,0.5,2018
271-365,67,0.034,30.049,0.9871,XGB,0.5,2018
1-7,1,,,,XGB,0.0,2018
8-30,7,-0.64,10.277,0.6775,XGB,0.0,2018
31-90,33,0.024,11.952,0.7277,XGB,0.0,2018
91-180,83,-0.971,21.627,1.1867,XGB,0.0,2018
181-270,72,0.04,54.808,0.8971,XGB,0.0,2018
271-365,67,0.019,29.55,0.9707,XGB,0.0,2018
1-7,1,,,,LightGBM,1.0,2018
8-30,7,-0.453,9.643,0.6357,LightGBM,1.0,2018
31-90,33,0.088,11.496,0.6999,LightGBM,1.0,2018
91-180,83,-0.508,16.737,0.9184,LightGBM,1.0,2018
181-270,72,0.129,55.103,0.9019,LightGBM,1.0,2018
271-365,67,0.059,30.408,0.9989,LightGBM,1.0,2018
1-7,1,,,,LightGBM,0.5,2018
8-30,7,-1.07,11.493,0.7576,LightGBM,0.5,2018
31-90,33,0.041,11.391,0.6935,LightGBM,0.5,2018
91-180,83,-0.72,19.819,1.0875,LightGBM,0.5,2018
181-270,72,0.007,55.69,0.9115,LightGBM,0.5,2018
271-365,67,0.029,29.68,0.975,LightGBM,0.5,2018
1-7,1,,,,LightGBM,0.0,2018
8-30,7,-1.07,11.493,0.7576,LightGBM,0.0,2018
31-90,33,0.075,11.074,0.6742,LightGBM,0.0,2018
91-180,83,-0.996,21.615,1.1861,LightGBM,0.0,2018
181-270,72,0.031,54.035,0.8844,LightGBM,0.0,2018
271-365,67,0.032,29.33,0.9635,LightGBM,0.0,2018
1-7,0,,,,RF,1.0,2019
8-30,8,-3.897,62.346,1.6303,RF,1.0,2019
31-90,32,-0.686,23.133,1.0571,RF,1.0,2019
91-180,62,0.177,50.212,0.6603,RF,1.0,2019
181-270,61,0.52,18.775,0.6665,RF,1.0,2019
271-365,66,0.183,20.438,0.7729,RF,1.0,2019
1-7,0,,,,RF,0.5,2019
8-30,8,-3.023,55.548,1.4526,RF,0.5,2019
31-90,32,-0.078,17.087,0.7808,RF,0.5,2019
91-180,62,0.134,47.44,0.6239,RF,0.5,2019
181-270,61,0.478,20.261,0.7193,RF,0.5,2019
271-365,66,0.165,20.398,0.7714,RF,0.5,2019
1-7,0,,,,RF,0.0,2019
8-30,8,-2.381,50.136,1.311,RF,0.0,2019
31-90,32,0.005,16.708,0.7635,RF,0.0,2019
91-180,62,0.145,48.382,0.6363,RF,0.0,2019
181-270,61,0.379,22.771,0.8084,RF,0.0,2019
271-365,66,0.198,20.117,0.7607,RF,0.0,2019
1-7,0,,,,XGB,1.0,2019
8-30,8,-3.177,55.475,1.4507,XGB,1.0,2019
31-90,32,-0.278,18.308,0.8366,XGB,1.0,2019
91-180,62,0.186,48.36,0.636,XGB,1.0,2019
181-270,61,0.524,17.936,0.6368,XGB,1.0,2019
271-365,66,0.122,21.613,0.8173,XGB,1.0,2019
1-7,0,,,,XGB,0.5,2019
8-30,8,-2.643,51.305,1.3416,XGB,0.5,2019
31-90,32,-0.074,17.049,0.7791,XGB,0.5,2019
91-180,62,0.129,46.654,0.6136,XGB,0.5,2019
181-270,61,0.441,21.115,0.7496,XGB,0.5,2019
271-365,66,0.114,20.797,0.7864,XGB,0.5,2019
1-7,0,,,,XGB,0.0,2019
8-30,8,-2.385,49.383,1.2913,XGB,0.0,2019
31-90,32,-0.011,16.88,0.7714,XGB,0.0,2019
91-180,62,0.096,46.715,0.6144,XGB,0.0,2019
181-270,61,0.337,23.924,0.8493,XGB,0.0,2019
271-365,66,0.097,20.852,0.7885,XGB,0.0,2019
1-7,0,,,,LightGBM,1.0,2019
8-30,8,-2.896,54.476,1.4245,LightGBM,1.0,2019
31-90,32,-0.251,18.159,0.8298,LightGBM,1.0,2019
91-180,62,0.184,47.721,0.6276,LightGBM,1.0,2019
181-270,61,0.57,16.798,0.5963,LightGBM,1.0,2019
271-365,66,0.12,20.234,0.7651,LightGBM,1.0,2019
1-7,0,,,,LightGBM,0.5,2019
8-30,8,-2.457,50.504,1.3207,LightGBM,0.5,2019
31-90,32,0.004,15.956,0.7291,LightGBM,0.5,2019
91-180,62,0.084,47.31,0.6222,LightGBM,0.5,2019
181-270,61,0.466,20.416,0.7248,LightGBM,0.5,2019
271-365,66,0.109,20.378,0.7706,LightGBM,0.5,2019
1-7,0,,,,LightGBM,0.0,2019
8-30,8,-2.215,48.403,1.2657,LightGBM,0.0,2019
31-90,32,0.033,16.569,0.7571,LightGBM,0.0,2019
91-180,62,0.092,47.685,0.6271,LightGBM,0.0,2019
181-270,61,0.341,24.164,0.8579,LightGBM,0.0,2019
271-365,66,0.125,20.301,0.7677,LightGBM,0.0,2019
1-7,4,-5.172,17.226,1.5305,RF,1.0,2020
8-30,21,-1.103,18.281,1.4464,RF,1.0,2020
31-90,37,-0.096,31.407,1.1887,RF,1.0,2020
91-180,42,0.039,16.492,0.9756,RF,1.0,2020
181-270,79,0.112,49.943,0.9796,RF,1.0,2020
271-365,80,0.232,35.142,0.8962,RF,1.0,2020
1-7,4,-4.321,15.885,1.4114,RF,0.5,2020
8-30,21,-0.581,12.849,1.0166,RF,0.5,2020
31-90,37,-0.161,29.529,1.1176,RF,0.5,2020
91-180,42,-0.187,18.596,1.1001,RF,0.5,2020
181-270,79,0.143,46.065,0.9035,RF,0.5,2020
271-365,80,0.157,35.935,0.9164,RF,0.5,2020
1-7,4,-3.111,14.24,1.2653,RF,0.0,2020
8-30,21,-0.781,14.569,1.1528,RF,0.0,2020
31-90,37,-0.174,29.172,1.1041,RF,0.0,2020
91-180,42,-0.467,20.953,1.2395,RF,0.0,2020
181-270,79,0.151,44.246,0.8678,RF,0.0,2020
271-365,80,0.158,36.088,0.9203,RF,0.0,2020
1-7,4,-6.158,18.534,1.6468,XGB,1.0,2020
8-30,21,-0.431,13.287,1.0513,XGB,1.0,2020
31-90,37,-0.121,30.907,1.1697,XGB,1.0,2020
91-180,42,-0.005,16.443,0.9728,XGB,1.0,2020
181-270,79,0.097,48.07,0.9428,XGB,1.0,2020
271-365,80,0.143,39.833,1.0158,XGB,1.0,2020
1-7,4,-4.121,16.173,1.437,XGB,0.5,2020
8-30,21,-0.321,11.727,0.9279,XGB,0.5,2020
31-90,37,-0.152,28.833,1.0913,XGB,0.5,2020
91-180,42,-0.217,18.873,1.1165,XGB,0.5,2020
181-270,79,0.107,46.489,0.9118,XGB,0.5,2020
271-365,80,0.111,38.23,0.975,XGB,0.5,2020
1-7,4,-1.569,11.427,1.0153,XGB,0.0,2020
8-30,21,-0.437,12.878,1.0189,XGB,0.0,2020
31-90,37,-0.135,27.893,1.0557,XGB,0.0,2020
91-180,42,-0.562,21.705,1.284,XGB,0.0,2020
181-270,79,0.115,44.623,0.8752,XGB,0.0,2020
271-365,80,0.108,37.694,0.9613,XGB,0.0,2020
1-7,4,-5.556,17.701,1.5727,LightGBM,1.0,2020
8-30,21,-0.603,14.546,1.1509,LightGBM,1.0,2020
31-90,37,-0.116,31.577,1.1951,LightGBM,1.0,2020
91-180,42,0.032,16.448,0.973,LightGBM,1.0,2020
181-270,79,0.105,48.826,0.9577,LightGBM,1.0,2020
271-365,80,0.145,39.23,1.0004,LightGBM,1.0,2020
1-7,4,-4.513,16.52,1.4678,LightGBM,0.5,2020
8-30,21,-0.406,12.624,0.9988,LightGBM,0.5,2020
31-90,37,-0.154,29.563,1.1189,LightGBM,0.5,2020
91-180,42,-0.306,19.34,1.1441,LightGBM,0.5,2020
181-270,79,0.112,46.625,0.9145,LightGBM,0.5,2020
271-365,80,0.108,37.596,0.9588,LightGBM,0.5,2020
1-7,4,-1.8,11.927,1.0597,LightGBM,0.0,2020
8-30,21,-0.49,13.754,1.0882,LightGBM,0.0,2020
31-90,37,-0.122,28.177,1.0664,LightGBM,0.0,2020
91-180,42,-0.542,21.408,1.2665,LightGBM,0.0,2020
181-270,79,0.128,44.192,0.8668,LightGBM,0.0,2020
271-365,80,0.104,37.301,0.9512,LightGBM,0.0,2020
1-7,3,-3.127,3.965,1.5974,RF,1.0,2021
8-30,19,-0.732,18.178,1.4303,RF,1.0,2021
31-90,50,-0.182,17.646,1.3589,RF,1.0,2021
91-180,90,0.209,52.998,0.8167,RF,1.0,2021
181-270,88,0.222,68.949,1.0168,RF,1.0,2021
271-365,91,-0.594,33.074,1.5877,RF,1.0,2021
1-7,3,-4.827,5.119,2.0623,RF,0.5,2021
8-30,19,-0.148,14.244,1.1208,RF,0.5,2021
31-90,50,-0.185,16.853,1.2979,RF,0.5,2021
91-180,90,0.145,52.613,0.8108,RF,0.5,2021
181-270,88,0.155,71.337,1.052,RF,0.5,2021
271-365,91,-0.246,27.253,1.3082,RF,0.5,2021
1-7,3,-5.343,5.433,2.1889,RF,0.0,2021
8-30,19,-0.069,12.982,1.0214,RF,0.0,2021
31-90,50,-0.204,16.808,1.2944,RF,0.0,2021
91-180,90,0.09,52.597,0.8105,RF,0.0,2021
181-270,88,0.127,71.946,1.061,RF,0.0,2021
271-365,91,-0.181,25.543,1.2261,RF,0.0,2021
1-7,3,-1.803,3.57,1.4383,XGB,1.0,2021
8-30,19,-0.17,15.013,1.1813,XGB,1.0,2021
31-90,50,-0.098,15.677,1.2073,XGB,1.0,2021
91-180,90,0.137,58.427,0.9004,XGB,1.0,2021
181-270,88,0.322,65.564,0.9669,XGB,1.0,2021
271-365,91,-0.514,31.416,1.508,XGB,1.0,2021
1-7,3,-2.028,3.63,1.4625,XGB,0.5,2021
8-30,19,0.088,12.78,1.0055,XGB,0.5,2021
31-90,50,-0.166,16.391,1.2622,XGB,0.5,2021
91-180,90,0.1,54.689,0.8428,XGB,0.5,2021
181-270,88,0.211,67.625,0.9972,XGB,0.5,2021
271-365,91,-0.163,26.608,1.2773,XGB,0.5,2021
1-7,3,-4.858,5.118,2.0618,XGB,0.0,2021
8-30,19,0.095,12.187,0.9589,XGB,0.0,2021
31-90,50,-0.194,16.518,1.272,XGB,0.0,2021
91-180,90,0.045,53.079,0.818,XGB,0.0,2021
181-270,88,0.109,71.043,1.0476,XGB,0.0,2021
271-365,91,-0.146,25.567,1.2273,XGB,0.0,2021
1-7,3,-0.606,2.728,1.0991,LightGBM,1.0,2021
8-30,19,-0.214,14.677,1.1549,LightGBM,1.0,2021
31-90,50,-0.056,14.612,1.1253,LightGBM,1.0,2021
91-180,90,0.193,55.597,0.8568,LightGBM,1.0,2021
181-270,88,0.335,65.155,0.9608,LightGBM,1.0,2021
271-365,91,-0.582,32.368,1.5538,LightGBM,1.0,2021
1-7,3,-0.71,3.002,1.2096,LightGBM,0.5,2021
8-30,19,0.104,12.511,0.9844,LightGBM,0.5,2021
31-90,50,-0.125,15.561,1.1984,LightGBM,0.5,2021
91-180,90,0.117,53.808,0.8292,LightGBM,0.5,2021
181-270,88,0.215,68.002,1.0028,LightGBM,0.5,2021
271-365,91,-0.211,27.229,1.3071,LightGBM,0.5,2021
1-7,3,-3.872,4.864,1.9594,LightGBM,0.0,2021
8-30,19,0.096,12.529,0.9858,LightGBM,0.0,2021
31-90,50,-0.158,15.839,1.2198,LightGBM,0.0,2021
91-180,90,0.054,52.301,0.806,LightGBM,0.0,2021
181-270,88,0.11,71.423,1.0533,LightGBM,0.0,2021
271-365,91,-0.156,25.515,1.2248,LightGBM,0.0,2021
1-7,0,,,,RF,1.0,2022
8-30,0,,,,RF,1.0,2022
31-90,1,,,,RF,1.0,2022
91-180,75,0.018,26.392,1.2171,RF,1.0,2022
181-270,74,0.121,38.694,1.0875,RF,1.0,2022
271-365,74,0.179,22.152,0.9796,RF,1.0,2022
1-7,0,,,,RF,0.5,2022
8-30,0,,,,RF,0.5,2022
31-90,1,,,,RF,0.5,2022
91-180,75,-0.224,29.518,1.3612,RF,0.5,2022
181-270,74,-0.003,43.741,1.2293,RF,0.5,2022
271-365,74,-0.042,25.923,1.1464,RF,0.5,2022
1-7,0,,,,RF,0.0,2022
8-30,0,,,,RF,0.0,2022
31-90,1,,,,RF,0.0,2022
91-180,75,-0.273,30.145,1.3901,RF,0.0,2022
181-270,74,-0.001,43.564,1.2243,RF,0.0,2022
271-365,74,-0.094,26.182,1.1578,RF,0.0,2022
1-7,0,,,,XGB,1.0,2022
8-30,0,,,,XGB,1.0,2022
31-90,1,,,,XGB,1.0,2022
91-180,75,0.156,22.745,1.0489,XGB,1.0,2022
181-270,74,0.098,39.229,1.1025,XGB,1.0,2022
271-365,74,0.173,22.071,0.976,XGB,1.0,2022
1-7,0,,,,XGB,0.5,2022
8-30,0,,,,XGB,0.5,2022
31-90,1,,,,XGB,0.5,2022
91-180,75,-0.204,28.472,1.313,XGB,0.5,2022
181-270,74,-0.032,45.281,1.2726,XGB,0.5,2022
271-365,74,0.015,25.036,1.1071,XGB,0.5,2022
1-7,0,,,,XGB,0.0,2022
8-30,0,,,,XGB,0.0,2022
31-90,1,,,,XGB,0.0,2022
91-180,75,-0.348,30.224,1.3938,XGB,0.0,2022
181-270,74,-0.055,45.311,1.2734,XGB,0.0,2022
271-365,74,-0.075,26.073,1.153,XGB,0.0,2022
1-7,0,,,,LightGBM,1.0,2022
8-30,0,,,,LightGBM,1.0,2022
31-90,1,,,,LightGBM,1.0,2022
91-180,75,0.075,24.154,1.1139,LightGBM,1.0,2022
181-270,74,-0.085,45.956,1.2915,LightGBM,1.0,2022
271-365,74,0.171,22.08,0.9764,LightGBM,1.0,2022
1-7,0,,,,LightGBM,0.5,2022
8-30,0,,,,LightGBM,0.5,2022
31-90,1,,,,LightGBM,0.5,2022
91-180,75,-0.267,29.066,1.3404,LightGBM,0.5,2022
181-270,74,-0.059,46.465,1.3058,LightGBM,0.5,2022
271-365,74,0.05,24.644,1.0898,LightGBM,0.5,2022
1-7,0,,,,LightGBM,0.0,2022
8-30,0,,,,LightGBM,0.0,2022
31-90,1,,,,LightGBM,0.0,2022
91-180,75,-0.416,30.968,1.4281,LightGBM,0.0,2022
181-270,74,-0.091,46.891,1.3178,LightGBM,0.0,2022
271-365,74,-0.032,25.671,1.1352,LightGBM,0.0,2022
