bin,n,R2,RMSE,MAE,MASE,WAPE,Correlation,model,anchor_year,tower,real_frac
1-7,7,-0.02,25.748,22.844,0.7485,0.6859,0.207,RF,2018,2,0.8571428571428571
8-30,23,-0.488,9.551,8.768,0.1892,0.9943,0.093,RF,2018,2,0.9130434782608695
31-90,60,0.381,17.376,11.774,0.3386,0.4667,0.752,RF,2018,2,0.5333333333333333
91-180,90,-0.579,11.267,9.136,0.1838,1.1599,0.33,RF,2018,2,0.4777777777777778
181-270,90,-0.257,5.399,3.985,0.0769,0.819,-0.016,RF,2018,2,0.0
271-365,95,0.406,8.083,5.107,0.113,0.4997,0.697,RF,2018,2,0.0
1-7,7,-0.277,28.816,25.123,0.8232,0.7544,-0.088,XGB,2018,2,0.8571428571428571
8-30,23,0.054,7.618,6.727,0.1452,0.7629,0.525,XGB,2018,2,0.9130434782608695
31-90,60,0.287,18.66,12.154,0.3495,0.4818,0.729,XGB,2018,2,0.5333333333333333
91-180,90,-0.651,11.521,9.333,0.1878,1.1848,0.34,XGB,2018,2,0.4777777777777778
181-270,90,-1.413,7.482,5.73,0.1106,1.1775,-0.245,XGB,2018,2,0.0
271-365,95,0.277,8.914,4.764,0.1054,0.4662,0.533,XGB,2018,2,0.0
1-7,7,-0.216,28.122,24.431,0.8005,0.7336,-0.145,LightGBM,2018,2,0.8571428571428571
8-30,23,-0.137,8.35,7.514,0.1622,0.8521,0.363,LightGBM,2018,2,0.9130434782608695
31-90,60,0.235,19.32,12.505,0.3596,0.4957,0.729,LightGBM,2018,2,0.5333333333333333
91-180,90,-0.509,11.015,8.86,0.1783,1.1248,0.345,LightGBM,2018,2,0.4777777777777778
181-270,90,-1.18,7.111,5.275,0.1018,1.0841,-0.158,LightGBM,2018,2,0.0
271-365,95,0.437,7.867,4.182,0.0925,0.4093,0.701,LightGBM,2018,2,0.0
1-7,7,-0.024,25.81,19.459,0.6376,0.5843,0.164,SARIMAX,2018,2,0.8571428571428571
8-30,23,-5.057,19.27,17.988,0.3883,2.0399,0.095,SARIMAX,2018,2,0.9130434782608695
31-90,60,-0.027,22.385,19.257,0.5538,0.7633,0.574,SARIMAX,2018,2,0.5333333333333333
91-180,90,-10.847,30.864,29.229,0.5881,3.7108,-0.052,SARIMAX,2018,2,0.4777777777777778
181-270,90,-10.489,16.325,14.603,0.2819,3.0009,0.116,SARIMAX,2018,2,0.0
271-365,95,-0.468,12.705,8.355,0.1849,0.8176,-0.124,SARIMAX,2018,2,0.0
1-7,7,-0.108,26.84,22.965,0.7524,0.6895,0.039,Ensemble_unweighted,2018,2,0.8571428571428571
8-30,23,-0.801,10.507,9.813,0.2118,1.1128,0.413,Ensemble_unweighted,2018,2,0.9130434782608695
31-90,60,0.358,17.704,12.003,0.3452,0.4758,0.788,Ensemble_unweighted,2018,2,0.5333333333333333
91-180,90,-1.968,15.447,13.427,0.2702,1.7047,0.294,Ensemble_unweighted,2018,2,0.4777777777777778
181-270,90,-1.694,7.905,6.436,0.1243,1.3226,-0.078,Ensemble_unweighted,2018,2,0.0
271-365,95,0.334,8.56,4.997,0.1106,0.489,0.663,Ensemble_unweighted,2018,2,0.0
1-7,7,-0.112,26.886,23.023,0.7544,0.6913,0.034,Ensemble_MASEweighted,2018,2,0.8571428571428571
8-30,23,-0.766,10.406,9.719,0.2098,1.1021,0.415,Ensemble_MASEweighted,2018,2,0.9130434782608695
31-90,60,0.357,17.712,11.967,0.3441,0.4743,0.787,Ensemble_MASEweighted,2018,2,0.5333333333333333
91-180,90,-1.905,15.282,13.252,0.2666,1.6824,0.297,Ensemble_MASEweighted,2018,2,0.4777777777777778
181-270,90,-1.659,7.854,6.383,0.1232,1.3117,-0.088,Ensemble_MASEweighted,2018,2,0.0
271-365,95,0.337,8.541,4.966,0.1099,0.486,0.664,Ensemble_MASEweighted,2018,2,0.0
1-7,7,-2.102,44.909,35.809,1.1733,1.0752,-0.015,TFT,2018,2,0.8571428571428571
8-30,23,-1.182,11.566,9.588,0.2069,1.0873,0.611,TFT,2018,2,0.9130434782608695
31-90,60,-2.109,38.956,30.149,0.867,1.195,-0.361,TFT,2018,2,0.5333333333333333
91-180,90,-4.818,21.629,13.855,0.2788,1.759,-0.294,TFT,2018,2,0.4777777777777778
181-270,90,-33.834,28.426,21.21,0.4095,4.3587,-0.285,TFT,2018,2,0.0
271-365,95,-7.838,31.174,21.175,0.4685,2.0721,-0.273,TFT,2018,2,0.0
1-7,7,-1.018,36.221,24.314,0.7967,0.7301,0.026,TabPFN,2018,2,0.8571428571428571
8-30,23,-0.937,10.898,8.372,0.1807,0.9494,0.571,TabPFN,2018,2,0.9130434782608695
31-90,60,-1.11,32.093,22.156,0.6371,0.8782,-0.458,TabPFN,2018,2,0.5333333333333333
91-180,90,-0.193,9.793,7.369,0.1483,0.9355,-0.306,TabPFN,2018,2,0.4777777777777778
181-270,90,-0.012,4.846,3.615,0.0698,0.7429,-0.006,TabPFN,2018,2,0.0
271-365,95,-0.805,14.089,8.868,0.1962,0.8678,-0.431,TabPFN,2018,2,0.0
1-7,7,0.174,19.366,18.105,1.2431,0.557,0.58,RF,2018,4,0.14285714285714285
8-30,23,0.306,9.83,8.759,0.7608,0.5399,0.858,RF,2018,4,0.30434782608695654
31-90,60,0.225,16.491,11.908,0.8166,0.5546,0.569,RF,2018,4,0.55
91-180,90,-0.837,19.222,14.994,0.9971,1.2209,0.469,RF,2018,4,0.9222222222222223
181-270,90,0.254,47.772,33.106,0.6232,0.4949,0.521,RF,2018,4,0.8
271-365,95,0.042,38.394,28.774,1.0711,0.8616,0.29,RF,2018,4,0.7052631578947368
1-7,7,-0.033,21.659,20.492,1.407,0.6305,0.399,XGB,2018,4,0.14285714285714285
8-30,23,0.497,8.372,6.853,0.5953,0.4224,0.831,XGB,2018,4,0.30434782608695654
31-90,60,-0.085,19.513,13.296,0.9118,0.6193,0.288,XGB,2018,4,0.55
91-180,90,-0.169,15.338,11.4,0.758,0.9282,0.488,XGB,2018,4,0.9222222222222223
181-270,90,0.19,49.759,34.369,0.647,0.5138,0.466,XGB,2018,4,0.8
271-365,95,0.191,35.279,24.291,0.9043,0.7274,0.447,XGB,2018,4,0.7052631578947368
1-7,7,0.252,18.431,17.097,1.1739,0.526,0.713,LightGBM,2018,4,0.14285714285714285
8-30,23,0.395,9.183,8.111,0.7046,0.5,0.842,LightGBM,2018,4,0.30434782608695654
31-90,60,-0.071,19.385,12.965,0.8891,0.6039,0.356,LightGBM,2018,4,0.55
91-180,90,-0.384,16.682,12.431,0.8266,1.0122,0.427,LightGBM,2018,4,0.9222222222222223
181-270,90,0.266,47.392,32.377,0.6095,0.484,0.549,LightGBM,2018,4,0.8
271-365,95,0.188,35.336,24.112,0.8976,0.722,0.449,LightGBM,2018,4,0.7052631578947368
1-7,7,-0.17,23.048,21.523,1.4778,0.6622,0.623,SARIMAX,2018,4,0.14285714285714285
8-30,23,-0.972,16.574,14.127,1.2271,0.8709,0.701,SARIMAX,2018,4,0.30434782608695654
31-90,60,0.104,17.732,13.834,0.9487,0.6443,0.41,SARIMAX,2018,4,0.55
91-180,90,-1.119,20.647,18.04,1.1996,1.4689,0.433,SARIMAX,2018,4,0.9222222222222223
181-270,90,0.144,51.17,40.961,0.7711,0.6123,0.494,SARIMAX,2018,4,0.8
271-365,95,0.131,36.562,29.817,1.11,0.8929,0.58,SARIMAX,2018,4,0.7052631578947368
1-7,7,0.127,19.904,19.304,1.3254,0.5939,0.621,Ensemble_unweighted,2018,4,0.14285714285714285
8-30,23,0.172,10.74,9.44,0.82,0.582,0.814,Ensemble_unweighted,2018,4,0.30434782608695654
31-90,60,0.085,17.915,12.446,0.8535,0.5797,0.452,Ensemble_unweighted,2018,4,0.55
91-180,90,-0.517,17.467,13.863,0.9218,1.1288,0.478,Ensemble_unweighted,2018,4,0.9222222222222223
181-270,90,0.27,47.249,33.907,0.6383,0.5069,0.521,Ensemble_unweighted,2018,4,0.8
271-365,95,0.212,34.82,25.424,0.9465,0.7613,0.498,Ensemble_unweighted,2018,4,0.7052631578947368
1-7,7,0.128,19.891,19.288,1.3244,0.5934,0.62,Ensemble_MASEweighted,2018,4,0.14285714285714285
8-30,23,0.183,10.666,9.372,0.8141,0.5778,0.815,Ensemble_MASEweighted,2018,4,0.30434782608695654
31-90,60,0.082,17.95,12.447,0.8536,0.5798,0.448,Ensemble_MASEweighted,2018,4,0.55
91-180,90,-0.507,17.41,13.792,0.9171,1.123,0.478,Ensemble_MASEweighted,2018,4,0.9222222222222223
181-270,90,0.27,47.262,33.849,0.6372,0.506,0.521,Ensemble_MASEweighted,2018,4,0.8
271-365,95,0.212,34.814,25.363,0.9442,0.7595,0.497,Ensemble_MASEweighted,2018,4,0.7052631578947368
1-7,7,-3.586,45.63,37.087,2.5464,1.141,-0.846,TFT,2018,4,0.14285714285714285
8-30,23,-1.338,18.046,14.913,1.2954,0.9193,0.427,TFT,2018,4,0.30434782608695654
31-90,60,-2.266,33.855,24.627,1.6889,1.147,-0.34,TFT,2018,4,0.55
91-180,90,-1.801,23.737,17.667,1.1748,1.4386,0.006,TFT,2018,4,0.9222222222222223
181-270,90,-0.462,66.856,48.589,0.9147,0.7263,0.22,TFT,2018,4,0.8
271-365,95,0.105,37.117,24.662,0.9181,0.7385,0.472,TFT,2018,4,0.7052631578947368
1-7,7,-1.197,31.582,23.045,1.5823,0.709,-0.44,TabPFN,2018,4,0.14285714285714285
8-30,23,-0.649,15.154,11.554,1.0037,0.7123,0.767,TabPFN,2018,4,0.30434782608695654
31-90,60,-1.093,27.101,19.858,1.3618,0.9249,0.069,TabPFN,2018,4,0.55
91-180,90,-0.318,16.282,12.711,0.8453,1.035,-0.073,TabPFN,2018,4,0.9222222222222223
181-270,90,-0.492,67.545,47.162,0.8878,0.705,0.408,TabPFN,2018,4,0.8
271-365,95,-0.094,41.03,26.558,0.9887,0.7953,0.651,TabPFN,2018,4,0.7052631578947368
1-7,7,0.103,54.662,44.284,1.5563,0.9741,0.512,RF,2018,9,0.0
8-30,23,0.183,41.671,20.706,1.0925,0.6785,0.545,RF,2018,9,0.0
31-90,60,0.102,41.25,21.32,0.8685,0.576,0.719,RF,2018,9,0.0
91-180,90,-0.016,11.235,8.19,1.0897,0.5366,0.317,RF,2018,9,0.0
181-270,90,0.754,28.06,22.099,0.2768,0.2312,0.879,RF,2018,9,0.0
271-365,95,0.356,22.013,17.264,0.9003,0.5825,0.705,RF,2018,9,0.0
1-7,7,0.215,51.139,40.674,1.4294,0.8947,0.673,XGB,2018,9,0.0
8-30,23,0.106,43.577,23.944,1.2633,0.7845,0.413,XGB,2018,9,0.0
31-90,60,0.206,38.787,21.494,0.8756,0.5807,0.696,XGB,2018,9,0.0
91-180,90,-0.329,12.845,9.179,1.2214,0.6015,0.15,XGB,2018,9,0.0
181-270,90,0.735,29.134,22.263,0.2788,0.2329,0.86,XGB,2018,9,0.0
271-365,95,0.416,20.952,14.52,0.7572,0.4899,0.677,XGB,2018,9,0.0
1-7,7,0.125,54.006,46.325,1.628,1.019,0.502,LightGBM,2018,9,0.0
8-30,23,0.161,42.215,26.399,1.3929,0.865,0.538,LightGBM,2018,9,0.0
31-90,60,0.222,38.385,20.706,0.8435,0.5594,0.684,LightGBM,2018,9,0.0
91-180,90,-0.132,11.86,7.708,1.0256,0.505,0.191,LightGBM,2018,9,0.0
181-270,90,0.585,36.478,29.852,0.3739,0.3124,0.842,LightGBM,2018,9,0.0
271-365,95,0.274,23.372,16.438,0.8573,0.5546,0.6,LightGBM,2018,9,0.0
1-7,7,-0.448,69.451,68.508,2.4076,1.5069,0.425,SARIMAX,2018,9,0.0
8-30,23,-0.392,54.391,45.673,2.4099,1.4965,0.26,SARIMAX,2018,9,0.0
31-90,60,0.145,40.251,34.382,1.4006,0.9289,0.638,SARIMAX,2018,9,0.0
91-180,90,-11.531,39.451,38.237,5.0877,2.5055,0.301,SARIMAX,2018,9,0.0
181-270,90,0.394,44.051,37.591,0.4708,0.3933,0.724,SARIMAX,2018,9,0.0
271-365,95,-2.132,48.525,45.355,2.3653,1.5303,0.672,SARIMAX,2018,9,0.0
1-7,7,0.065,55.813,49.948,1.7553,1.0987,0.558,Ensemble_unweighted,2018,9,0.0
8-30,23,0.078,44.27,29.166,1.5389,0.9557,0.478,Ensemble_unweighted,2018,9,0.0
31-90,60,0.291,36.653,21.656,0.8822,0.5851,0.742,Ensemble_unweighted,2018,9,0.0
91-180,90,-1.038,15.912,14.088,1.8745,0.9231,0.275,Ensemble_unweighted,2018,9,0.0
181-270,90,0.736,29.07,22.922,0.2871,0.2398,0.872,Ensemble_unweighted,2018,9,0.0
271-365,95,0.121,25.706,22.066,1.1508,0.7445,0.703,Ensemble_unweighted,2018,9,0.0
1-7,7,0.07,55.673,49.714,1.7471,1.0935,0.559,Ensemble_MASEweighted,2018,9,0.0
8-30,23,0.081,44.204,29.006,1.5305,0.9504,0.479,Ensemble_MASEweighted,2018,9,0.0
31-90,60,0.289,36.697,21.537,0.8773,0.5819,0.742,Ensemble_MASEweighted,2018,9,0.0
91-180,90,-0.983,15.695,13.819,1.8387,0.9055,0.271,Ensemble_MASEweighted,2018,9,0.0
181-270,90,0.736,29.059,22.865,0.2864,0.2393,0.872,Ensemble_MASEweighted,2018,9,0.0
271-365,95,0.136,25.491,21.797,1.1367,0.7354,0.703,Ensemble_MASEweighted,2018,9,0.0
1-7,7,-0.484,70.313,47.585,1.6723,1.0467,0.582,TFT,2018,9,0.0
8-30,23,-0.25,51.542,29.843,1.5746,0.9778,0.442,TFT,2018,9,0.0
31-90,60,-0.774,57.976,35.583,1.4496,0.9614,-0.427,TFT,2018,9,0.0
91-180,90,-18.28,48.934,32.332,4.302,2.1185,-0.001,TFT,2018,9,0.0
181-270,90,-1.557,90.523,74.377,0.9315,0.7782,-0.215,TFT,2018,9,0.0
271-365,95,-0.97,38.485,27.871,1.4535,0.9404,-0.101,TFT,2018,9,0.0
1-7,7,-0.62,73.477,45.461,1.5977,1.0,,TabPFN,2018,9,0.0
8-30,23,-0.438,55.288,30.52,1.6103,1.0,,TabPFN,2018,9,0.0
31-90,60,-0.723,57.134,37.012,1.5078,1.0,,TabPFN,2018,9,0.0
91-180,90,-1.875,18.897,15.261,2.0306,1.0,,TabPFN,2018,9,0.0
181-270,90,-2.849,111.056,95.57,1.1969,1.0,,TabPFN,2018,9,0.0
271-365,95,-1.168,40.378,29.639,1.5457,1.0,,TabPFN,2018,9,0.0
1-7,7,0.181,29.726,21.968,0.7718,0.4871,0.806,RF,2019,2,0.0
8-30,23,0.242,16.624,12.549,0.8813,0.5472,0.492,RF,2019,2,0.0
31-90,60,0.249,26.908,16.344,0.9387,0.523,0.518,RF,2019,2,0.0
91-180,90,-0.404,9.166,7.707,0.8315,0.6573,0.329,RF,2019,2,0.0
181-270,90,-0.036,22.894,16.196,0.969,0.8205,0.184,RF,2019,2,0.0
271-365,95,0.225,22.057,15.919,0.7826,0.604,0.752,RF,2019,2,0.0
1-7,7,0.328,26.928,18.797,0.6604,0.4168,0.877,XGB,2019,2,0.0
8-30,23,0.244,16.597,12.85,0.9025,0.5603,0.532,XGB,2019,2,0.0
31-90,60,0.246,26.954,14.015,0.8049,0.4485,0.543,XGB,2019,2,0.0
91-180,90,-0.108,8.143,6.793,0.7328,0.5793,0.139,XGB,2019,2,0.0
181-270,90,-0.097,23.556,16.585,0.9923,0.8402,0.113,XGB,2019,2,0.0
271-365,95,-0.097,26.238,19.404,0.9539,0.7363,0.521,XGB,2019,2,0.0
1-7,7,0.447,24.416,17.607,0.6186,0.3904,0.922,LightGBM,2019,2,0.0
8-30,23,0.23,16.75,13.276,0.9324,0.5789,0.485,LightGBM,2019,2,0.0
31-90,60,0.332,25.372,13.807,0.793,0.4419,0.596,LightGBM,2019,2,0.0
91-180,90,-0.023,7.825,6.556,0.7073,0.5592,0.302,LightGBM,2019,2,0.0
181-270,90,-0.07,23.263,16.153,0.9664,0.8183,0.177,LightGBM,2019,2,0.0
271-365,95,-0.007,25.137,18.445,0.9068,0.6999,0.562,LightGBM,2019,2,0.0
1-7,7,-0.308,37.564,29.795,1.0468,0.6607,0.849,SARIMAX,2019,2,0.0
8-30,23,0.173,17.365,13.25,0.9306,0.5778,0.529,SARIMAX,2019,2,0.0
31-90,60,0.463,22.745,12.924,0.7423,0.4136,0.768,SARIMAX,2019,2,0.0
91-180,90,-2.359,14.176,12.544,1.3534,1.0699,0.157,SARIMAX,2019,2,0.0
181-270,90,0.088,21.485,15.075,0.9019,0.7637,0.435,SARIMAX,2019,2,0.0
271-365,95,-0.442,30.084,22.861,1.1239,0.8675,-0.039,SARIMAX,2019,2,0.0
1-7,7,0.216,29.088,20.978,0.7371,0.4652,0.899,Ensemble_unweighted,2019,2,0.0
8-30,23,0.263,16.394,12.652,0.8886,0.5517,0.528,Ensemble_unweighted,2019,2,0.0
31-90,60,0.347,25.084,13.904,0.7985,0.4449,0.645,Ensemble_unweighted,2019,2,0.0
91-180,90,-0.328,8.912,7.536,0.813,0.6427,0.275,Ensemble_unweighted,2019,2,0.0
181-270,90,0.001,22.481,15.642,0.9358,0.7924,0.28,Ensemble_unweighted,2019,2,0.0
271-365,95,-0.052,25.692,18.986,0.9334,0.7204,0.536,Ensemble_unweighted,2019,2,0.0
1-7,7,0.222,28.975,20.876,0.7335,0.4629,0.899,Ensemble_MASEweighted,2019,2,0.0
8-30,23,0.263,16.392,12.662,0.8893,0.5522,0.527,Ensemble_MASEweighted,2019,2,0.0
31-90,60,0.345,25.117,13.9,0.7984,0.4448,0.643,Ensemble_MASEweighted,2019,2,0.0
91-180,90,-0.31,8.854,7.483,0.8073,0.6382,0.275,Ensemble_MASEweighted,2019,2,0.0
181-270,90,-0.001,22.506,15.663,0.9371,0.7935,0.276,Ensemble_MASEweighted,2019,2,0.0
271-365,95,-0.05,25.678,18.968,0.9324,0.7197,0.539,Ensemble_MASEweighted,2019,2,0.0
1-7,7,-0.333,37.919,28.999,1.0188,0.643,0.94,TFT,2019,2,0.0
8-30,23,-0.126,20.258,14.71,1.0331,0.6415,0.485,TFT,2019,2,0.0
31-90,60,-0.546,38.601,25.181,1.4462,0.8058,0.329,TFT,2019,2,0.0
91-180,90,-6.329,20.939,17.45,1.8826,1.4883,-0.226,TFT,2019,2,0.0
181-270,90,-1.423,35.013,27.418,1.6404,1.389,-0.076,TFT,2019,2,0.0
271-365,95,-1.418,38.96,32.093,1.5777,1.2178,0.053,TFT,2019,2,0.0
1-7,7,-1.57,52.657,41.188,1.4471,0.9133,0.052,TabPFN,2019,2,0.0
8-30,23,-0.797,25.591,19.185,1.3475,0.8366,-0.079,TabPFN,2019,2,0.0
31-90,60,-0.808,41.741,27.621,1.5864,0.8839,-0.169,TabPFN,2019,2,0.0
91-180,90,-1.764,12.859,10.382,1.1201,0.8854,0.046,TabPFN,2019,2,0.0
181-270,90,-0.646,28.856,18.429,1.1026,0.9336,-0.274,TabPFN,2019,2,0.0
271-365,95,-0.857,34.142,24.604,1.2095,0.9336,-0.387,TabPFN,2019,2,0.0
1-7,7,-82.844,18.121,16.805,8.4195,8.2893,-0.395,RF,2019,4,0.0
8-30,23,-1.957,50.014,33.48,1.8506,1.8497,-0.783,RF,2019,4,0.34782608695652173
31-90,60,0.206,21.33,14.985,0.5184,0.5195,0.552,RF,2019,4,0.5333333333333333
91-180,90,0.384,38.158,25.679,0.3686,0.369,0.627,RF,2019,4,0.6888888888888889
181-270,90,0.639,22.576,14.187,0.4088,0.4095,0.812,RF,2019,4,0.6777777777777778
271-365,95,0.277,20.353,13.806,0.5347,0.5361,0.532,RF,2019,4,0.6947368421052632
1-7,7,-66.965,16.315,14.669,7.3492,7.2355,-0.304,XGB,2019,4,0.0
8-30,23,-1.638,47.236,28.378,1.5686,1.5678,-0.773,XGB,2019,4,0.34782608695652173
31-90,60,0.333,19.548,12.172,0.4211,0.422,0.581,XGB,2019,4,0.5333333333333333
91-180,90,0.395,37.807,25.288,0.363,0.3634,0.65,XGB,2019,4,0.6888888888888889
181-270,90,0.663,21.827,13.746,0.396,0.3968,0.818,XGB,2019,4,0.6777777777777778
271-365,95,0.104,22.662,15.072,0.5838,0.5852,0.439,XGB,2019,4,0.6947368421052632
1-7,7,-57.478,15.134,13.834,6.9308,6.8236,-0.436,LightGBM,2019,4,0.0
8-30,23,-1.403,45.083,27.647,1.5282,1.5274,-0.721,LightGBM,2019,4,0.34782608695652173
31-90,60,0.348,19.333,12.494,0.4322,0.4331,0.59,LightGBM,2019,4,0.5333333333333333
91-180,90,0.401,37.609,24.778,0.3557,0.356,0.682,LightGBM,2019,4,0.6888888888888889
181-270,90,0.633,22.769,13.61,0.3921,0.3929,0.826,LightGBM,2019,4,0.6777777777777778
271-365,95,0.21,21.276,13.573,0.5257,0.527,0.471,LightGBM,2019,4,0.6947368421052632
1-7,7,-1.448,3.097,2.706,1.3559,1.3349,0.783,SARIMAX,2019,4,0.0
8-30,23,-0.582,36.579,20.496,1.133,1.1324,-0.663,SARIMAX,2019,4,0.34782608695652173
31-90,60,-0.45,28.82,23.105,0.7993,0.801,0.624,SARIMAX,2019,4,0.5333333333333333
91-180,90,0.406,37.467,28.845,0.4141,0.4145,0.671,SARIMAX,2019,4,0.6888888888888889
181-270,90,0.363,30.005,24.383,0.7025,0.7038,0.81,SARIMAX,2019,4,0.6777777777777778
271-365,95,-0.464,28.968,23.233,0.8999,0.9021,0.457,SARIMAX,2019,4,0.6947368421052632
1-7,7,-34.362,11.769,10.532,5.2765,5.1949,-0.408,Ensemble_unweighted,2019,4,0.0
8-30,23,-1.331,44.404,26.355,1.4568,1.456,-0.772,Ensemble_unweighted,2019,4,0.34782608695652173
31-90,60,0.334,19.535,12.586,0.4354,0.4363,0.602,Ensemble_unweighted,2019,4,0.5333333333333333
91-180,90,0.43,36.684,25.017,0.3591,0.3595,0.669,Ensemble_unweighted,2019,4,0.6888888888888889
181-270,90,0.643,22.466,14.265,0.411,0.4118,0.826,Ensemble_unweighted,2019,4,0.6777777777777778
271-365,95,0.178,21.704,14.299,0.5538,0.5552,0.49,Ensemble_unweighted,2019,4,0.6947368421052632
1-7,7,-35.229,11.912,10.671,5.3464,5.2637,-0.407,Ensemble_MASEweighted,2019,4,0.0
8-30,23,-1.339,44.479,26.429,1.4609,1.4601,-0.772,Ensemble_MASEweighted,2019,4,0.34782608695652173
31-90,60,0.336,19.504,12.547,0.434,0.435,0.602,Ensemble_MASEweighted,2019,4,0.5333333333333333
91-180,90,0.43,36.7,25.007,0.359,0.3593,0.669,Ensemble_MASEweighted,2019,4,0.6888888888888889
181-270,90,0.644,22.424,14.201,0.4091,0.4099,0.826,Ensemble_MASEweighted,2019,4,0.6777777777777778
271-365,95,0.18,21.678,14.258,0.5522,0.5536,0.49,Ensemble_MASEweighted,2019,4,0.6947368421052632
1-7,7,-181.12,26.707,22.638,11.3418,11.1663,-0.385,TFT,2019,4,0.0
8-30,23,-1.652,47.365,31.439,1.7378,1.7369,-0.481,TFT,2019,4,0.34782608695652173
31-90,60,-0.07,24.759,17.938,0.6205,0.6218,0.313,TFT,2019,4,0.5333333333333333
91-180,90,-0.013,48.912,35.498,0.5096,0.5101,0.56,TFT,2019,4,0.6888888888888889
181-270,90,0.388,29.408,20.285,0.5844,0.5855,0.666,TFT,2019,4,0.6777777777777778
271-365,95,-0.19,26.114,17.229,0.6673,0.669,0.095,TFT,2019,4,0.6947368421052632
1-7,7,-11.117,6.889,6.588,3.3007,3.2496,-0.409,TabPFN,2019,4,0.0
8-30,23,-0.409,34.523,19.905,1.1003,1.0997,-0.248,TabPFN,2019,4,0.34782608695652173
31-90,60,-0.803,32.138,24.529,0.8485,0.8503,0.533,TabPFN,2019,4,0.5333333333333333
91-180,90,-0.783,64.9,49.462,0.71,0.7107,0.591,TabPFN,2019,4,0.6888888888888889
181-270,90,0.04,36.838,24.076,0.6937,0.695,0.799,TabPFN,2019,4,0.6777777777777778
271-365,95,-0.401,28.335,18.839,0.7297,0.7315,0.443,TabPFN,2019,4,0.6947368421052632
1-7,7,-1.003,16.72,15.753,2.0393,0.9263,-0.079,RF,2019,9,0.0
8-30,23,-0.098,10.282,8.094,0.7507,0.4017,0.594,RF,2019,9,0.0
31-90,60,0.296,23.716,13.094,0.6808,0.464,0.57,RF,2019,9,0.26666666666666666
91-180,90,0.456,39.195,28.353,0.5636,0.5,0.693,RF,2019,9,0.9
181-270,90,0.729,32.032,23.266,0.5456,0.5176,0.875,RF,2019,9,0.5444444444444444
271-365,95,0.343,50.699,30.033,0.6474,0.5657,0.791,RF,2019,9,0.5157894736842106
1-7,7,-2.168,21.029,19.003,2.4601,1.1174,-0.05,XGB,2019,9,0.0
8-30,23,-0.861,13.389,9.965,0.9242,0.4945,0.322,XGB,2019,9,0.0
31-90,60,0.286,23.873,12.85,0.6682,0.4554,0.55,XGB,2019,9,0.26666666666666666
91-180,90,0.469,38.725,26.688,0.5305,0.4706,0.701,XGB,2019,9,0.9
181-270,90,0.691,34.237,26.668,0.6254,0.5933,0.874,XGB,2019,9,0.5444444444444444
271-365,95,0.449,46.417,27.105,0.5843,0.5105,0.808,XGB,2019,9,0.5157894736842106
1-7,7,-2.758,22.906,20.994,2.7178,1.2345,-0.158,LightGBM,2019,9,0.0
8-30,23,-2.127,17.354,12.032,1.1159,0.5971,0.356,LightGBM,2019,9,0.0
31-90,60,0.147,26.102,16.169,0.8407,0.573,0.577,LightGBM,2019,9,0.26666666666666666
91-180,90,0.451,39.366,26.813,0.533,0.4728,0.685,LightGBM,2019,9,0.9
181-270,90,0.715,32.869,25.149,0.5898,0.5595,0.882,LightGBM,2019,9,0.5444444444444444
271-365,95,0.351,50.37,30.267,0.6524,0.5701,0.782,LightGBM,2019,9,0.5157894736842106
1-7,7,-0.298,13.46,8.868,1.1481,0.5215,0.34,SARIMAX,2019,9,0.0
8-30,23,-0.698,12.788,10.844,1.0058,0.5381,0.558,SARIMAX,2019,9,0.0
31-90,60,0.324,23.229,13.67,0.7108,0.4844,0.679,SARIMAX,2019,9,0.26666666666666666
91-180,90,0.515,37.004,24.709,0.4911,0.4357,0.718,SARIMAX,2019,9,0.9
181-270,90,0.526,42.378,29.2,0.6848,0.6496,0.852,SARIMAX,2019,9,0.5444444444444444
271-365,95,0.289,52.705,31.14,0.6713,0.5865,0.734,SARIMAX,2019,9,0.5157894736842106
1-7,7,-0.984,16.642,15.043,1.9474,0.8845,0.013,Ensemble_unweighted,2019,9,0.0
8-30,23,-0.441,11.781,9.004,0.8351,0.4468,0.475,Ensemble_unweighted,2019,9,0.0
31-90,60,0.374,22.355,12.18,0.6333,0.4316,0.618,Ensemble_unweighted,2019,9,0.26666666666666666
91-180,90,0.499,37.61,26.059,0.518,0.4595,0.717,Ensemble_unweighted,2019,9,0.9
181-270,90,0.731,31.956,23.198,0.544,0.5161,0.883,Ensemble_unweighted,2019,9,0.5444444444444444
271-365,95,0.387,48.96,27.592,0.5948,0.5197,0.796,Ensemble_unweighted,2019,9,0.5157894736842106
1-7,7,-1.019,16.788,15.203,1.9681,0.8939,0.008,Ensemble_MASEweighted,2019,9,0.0
8-30,23,-0.46,11.86,9.047,0.8391,0.4489,0.471,Ensemble_MASEweighted,2019,9,0.0
31-90,60,0.372,22.395,12.218,0.6353,0.433,0.616,Ensemble_MASEweighted,2019,9,0.26666666666666666
91-180,90,0.498,37.636,26.071,0.5182,0.4597,0.716,Ensemble_MASEweighted,2019,9,0.9
181-270,90,0.731,31.952,23.256,0.5454,0.5174,0.883,Ensemble_MASEweighted,2019,9,0.5444444444444444
271-365,95,0.388,48.924,27.605,0.5951,0.52,0.796,Ensemble_MASEweighted,2019,9,0.5157894736842106
1-7,7,-0.721,15.498,9.548,1.236,0.5614,-0.078,TFT,2019,9,0.0
8-30,23,-1.85,16.566,14.371,1.3328,0.7131,0.626,TFT,2019,9,0.0
31-90,60,-0.574,35.462,24.926,1.296,0.8834,0.416,TFT,2019,9,0.26666666666666666
91-180,90,-0.048,54.396,40.528,0.8056,0.7147,0.324,TFT,2019,9,0.9
181-270,90,0.359,49.312,35.02,0.8213,0.7791,0.633,TFT,2019,9,0.5444444444444444
271-365,95,-0.536,77.497,48.967,1.0556,0.9223,-0.03,TFT,2019,9,0.5157894736842106
1-7,7,-2.072,20.708,17.007,2.2016,1.0,,TabPFN,2019,9,0.0
8-30,23,-4.217,22.414,20.152,1.869,1.0,,TabPFN,2019,9,0.0
31-90,60,-0.997,39.937,28.217,1.4672,1.0,,TabPFN,2019,9,0.26666666666666666
91-180,90,-1.055,76.177,56.71,1.1272,1.0,,TabPFN,2019,9,0.9
181-270,90,-0.354,71.665,44.948,1.0541,1.0,,TabPFN,2019,9,0.5444444444444444
271-365,95,-0.707,81.688,53.091,1.1445,1.0,,TabPFN,2019,9,0.5157894736842106
1-7,7,0.474,17.738,15.491,0.942,0.7034,0.866,RF,2020,2,0.0
8-30,23,0.275,11.938,8.894,0.8067,0.3207,0.564,RF,2020,2,0.0
31-90,60,0.061,15.017,12.186,1.0617,0.5056,0.609,RF,2020,2,0.0
91-180,90,0.31,15.131,8.386,0.6992,0.5237,0.578,RF,2020,2,0.0
181-270,90,-0.154,15.113,12.79,0.923,0.7874,0.004,RF,2020,2,0.0
271-365,95,0.076,17.314,11.99,0.7581,0.8357,0.504,RF,2020,2,0.0
1-7,7,0.509,17.134,14.131,0.8592,0.6416,0.886,XGB,2020,2,0.0
8-30,23,0.088,13.39,9.565,0.8675,0.345,0.438,XGB,2020,2,0.0
31-90,60,0.274,13.21,9.994,0.8707,0.4147,0.598,XGB,2020,2,0.0
91-180,90,0.399,14.127,7.816,0.6517,0.4881,0.634,XGB,2020,2,0.0
181-270,90,-0.322,16.173,12.765,0.9212,0.7859,-0.195,XGB,2020,2,0.0
271-365,95,0.152,16.586,10.203,0.6451,0.7112,0.444,XGB,2020,2,0.0
1-7,7,0.529,16.797,13.643,0.8296,0.6194,0.93,LightGBM,2020,2,0.0
8-30,23,0.255,12.103,8.938,0.8106,0.3223,0.55,LightGBM,2020,2,0.0
31-90,60,0.145,14.334,11.526,1.0042,0.4782,0.649,LightGBM,2020,2,0.0
91-180,90,0.457,13.426,7.8,0.6503,0.4871,0.692,LightGBM,2020,2,0.0
181-270,90,-0.291,15.984,12.565,0.9068,0.7736,-0.152,LightGBM,2020,2,0.0
271-365,95,0.131,16.789,10.509,0.6644,0.7325,0.441,LightGBM,2020,2,0.0
1-7,7,0.345,19.804,18.287,1.112,0.8303,0.95,SARIMAX,2020,2,0.0
8-30,23,0.152,12.909,11.268,1.022,0.4064,0.584,SARIMAX,2020,2,0.0
31-90,60,-0.039,15.798,13.725,1.1957,0.5694,0.693,SARIMAX,2020,2,0.0
91-180,90,0.355,14.627,11.251,0.9381,0.7027,0.757,SARIMAX,2020,2,0.0
181-270,90,-0.405,16.67,13.855,0.9999,0.853,-0.161,SARIMAX,2020,2,0.0
271-365,95,-0.072,18.647,13.458,0.8508,0.938,0.471,SARIMAX,2020,2,0.0
1-7,7,0.494,17.406,15.307,0.9308,0.695,0.92,Ensemble_unweighted,2020,2,0.0
8-30,23,0.301,11.724,8.924,0.8094,0.3218,0.568,Ensemble_unweighted,2020,2,0.0
31-90,60,0.192,13.931,11.656,1.0155,0.4836,0.666,Ensemble_unweighted,2020,2,0.0
91-180,90,0.441,13.619,8.005,0.6675,0.5,0.702,Ensemble_unweighted,2020,2,0.0
181-270,90,-0.212,15.485,12.692,0.916,0.7814,-0.167,Ensemble_unweighted,2020,2,0.0
271-365,95,0.116,16.931,11.044,0.6982,0.7698,0.486,Ensemble_unweighted,2020,2,0.0
1-7,7,0.495,17.379,15.26,0.9279,0.6929,0.92,Ensemble_MASEweighted,2020,2,0.0
8-30,23,0.3,11.728,8.896,0.8069,0.3208,0.567,Ensemble_MASEweighted,2020,2,0.0
31-90,60,0.195,13.907,11.624,1.0127,0.4823,0.665,Ensemble_MASEweighted,2020,2,0.0
91-180,90,0.441,13.616,7.97,0.6645,0.4978,0.701,Ensemble_MASEweighted,2020,2,0.0
181-270,90,-0.213,15.49,12.687,0.9156,0.7811,-0.168,Ensemble_MASEweighted,2020,2,0.0
271-365,95,0.118,16.913,11.007,0.6959,0.7672,0.485,Ensemble_MASEweighted,2020,2,0.0
1-7,7,-0.284,27.725,15.877,0.9654,0.7209,0.336,TFT,2020,2,0.0
8-30,23,-3.057,28.239,24.457,2.2181,0.882,0.075,TFT,2020,2,0.0
31-90,60,-1.677,25.364,20.883,1.8193,0.8664,0.39,TFT,2020,2,0.0
91-180,90,-1.266,27.421,22.143,1.8462,1.3829,0.276,TFT,2020,2,0.0
181-270,90,-2.046,24.549,18.855,1.3607,1.1608,0.242,TFT,2020,2,0.0
271-365,95,-0.247,20.112,12.301,0.7777,0.8574,0.366,TFT,2020,2,0.0
1-7,7,-0.628,31.21,19.461,1.1833,0.8836,0.169,TabPFN,2020,2,0.0
8-30,23,-3.011,28.08,24.103,2.1861,0.8692,-0.315,TabPFN,2020,2,0.0
31-90,60,-1.756,25.731,20.352,1.7731,0.8444,-0.137,TabPFN,2020,2,0.0
91-180,90,-0.626,23.229,14.133,1.1783,0.8826,-0.166,TabPFN,2020,2,0.0
181-270,90,-0.968,19.73,13.94,1.006,0.8582,-0.048,TabPFN,2020,2,0.0
271-365,95,-0.39,21.236,11.87,0.7504,0.8273,-0.067,TabPFN,2020,2,0.0
1-7,7,0.446,12.911,11.41,1.0606,0.534,0.871,RF,2020,4,0.5714285714285714
8-30,23,-0.177,26.058,19.492,1.6779,1.3235,0.249,RF,2020,4,0.9130434782608695
31-90,60,-0.009,31.725,21.13,1.1307,0.7722,0.212,RF,2020,4,0.6166666666666667
91-180,90,0.253,17.697,12.162,0.884,0.4848,0.518,RF,2020,4,0.4666666666666667
181-270,90,0.286,52.338,34.852,0.7315,0.5765,0.541,RF,2020,4,0.8777777777777778
271-365,95,0.415,52.049,22.863,0.7605,0.6326,0.723,RF,2020,4,0.8421052631578947
1-7,7,0.454,12.807,11.241,1.0449,0.5261,0.935,XGB,2020,4,0.5714285714285714
8-30,23,-0.035,24.433,13.246,1.1402,0.8994,0.156,XGB,2020,4,0.9130434782608695
31-90,60,-0.031,32.067,20.082,1.0746,0.7339,0.156,XGB,2020,4,0.6166666666666667
91-180,90,0.189,18.443,13.584,0.9874,0.5415,0.483,XGB,2020,4,0.4666666666666667
181-270,90,0.232,54.283,33.403,0.7011,0.5525,0.489,XGB,2020,4,0.8777777777777778
271-365,95,0.258,58.625,29.022,0.9654,0.803,0.55,XGB,2020,4,0.8421052631578947
1-7,7,0.42,13.204,12.288,1.1421,0.5751,0.964,LightGBM,2020,4,0.5714285714285714
8-30,23,-0.049,24.595,15.415,1.3269,1.0467,0.221,LightGBM,2020,4,0.9130434782608695
31-90,60,-0.039,32.191,21.144,1.1314,0.7727,0.196,LightGBM,2020,4,0.6166666666666667
91-180,90,0.175,18.601,13.451,0.9777,0.5362,0.446,LightGBM,2020,4,0.4666666666666667
181-270,90,0.253,53.557,34.029,0.7143,0.5629,0.506,LightGBM,2020,4,0.8777777777777778
271-365,95,0.266,58.301,28.215,0.9385,0.7806,0.573,LightGBM,2020,4,0.8421052631578947
1-7,7,0.851,6.693,4.916,0.457,0.2301,0.972,SARIMAX,2020,4,0.5714285714285714
8-30,23,0.124,22.479,10.305,0.8871,0.6997,0.417,SARIMAX,2020,4,0.9130434782608695
31-90,60,0.014,31.359,16.919,0.9054,0.6183,0.322,SARIMAX,2020,4,0.6166666666666667
91-180,90,0.461,15.032,10.396,0.7556,0.4144,0.679,SARIMAX,2020,4,0.4666666666666667
181-270,90,0.202,55.358,36.496,0.766,0.6037,0.453,SARIMAX,2020,4,0.8777777777777778
271-365,95,0.224,59.95,30.855,1.0263,0.8537,0.493,SARIMAX,2020,4,0.8421052631578947
1-7,7,0.68,9.814,8.21,0.7632,0.3843,0.953,Ensemble_unweighted,2020,4,0.5714285714285714
8-30,23,0.044,23.488,12.972,1.1166,0.8808,0.28,Ensemble_unweighted,2020,4,0.9130434782608695
31-90,60,0.024,31.197,19.15,1.0247,0.6999,0.22,Ensemble_unweighted,2020,4,0.6166666666666667
91-180,90,0.336,16.678,11.443,0.8318,0.4562,0.603,Ensemble_unweighted,2020,4,0.4666666666666667
181-270,90,0.256,53.453,34.281,0.7196,0.567,0.508,Ensemble_unweighted,2020,4,0.8777777777777778
271-365,95,0.303,56.831,26.649,0.8864,0.7373,0.606,Ensemble_unweighted,2020,4,0.8421052631578947
1-7,7,0.674,9.899,8.245,0.7664,0.3859,0.953,Ensemble_MASEweighted,2020,4,0.5714285714285714
8-30,23,0.041,23.52,13.034,1.122,0.885,0.277,Ensemble_MASEweighted,2020,4,0.9130434782608695
31-90,60,0.023,31.22,19.199,1.0274,0.7016,0.219,Ensemble_MASEweighted,2020,4,0.6166666666666667
91-180,90,0.333,16.727,11.502,0.836,0.4585,0.599,Ensemble_MASEweighted,2020,4,0.4666666666666667
181-270,90,0.256,53.455,34.261,0.7191,0.5667,0.508,Ensemble_MASEweighted,2020,4,0.8777777777777778
271-365,95,0.302,56.862,26.685,0.8876,0.7383,0.605,Ensemble_MASEweighted,2020,4,0.8421052631578947
1-7,7,-1.165,25.513,21.596,2.0074,1.0108,0.502,TFT,2020,4,0.5714285714285714
8-30,23,-0.473,29.146,15.348,1.3212,1.0421,-0.207,TFT,2020,4,0.9130434782608695
31-90,60,-0.576,39.65,26.055,1.3942,0.9522,0.253,TFT,2020,4,0.6166666666666667
91-180,90,-0.698,26.679,21.528,1.5648,0.8581,0.358,TFT,2020,4,0.4666666666666667
181-270,90,0.237,54.136,37.926,0.7961,0.6273,0.491,TFT,2020,4,0.8777777777777778
271-365,95,0.264,58.402,27.738,0.9227,0.7675,0.585,TFT,2020,4,0.8421052631578947
1-7,7,-0.613,22.022,12.992,1.2076,0.6081,-0.507,TabPFN,2020,4,0.5714285714285714
8-30,23,-0.055,24.671,8.594,0.7398,0.5835,-0.176,TabPFN,2020,4,0.9130434782608695
31-90,60,-0.275,35.661,20.721,1.1088,0.7572,0.205,TabPFN,2020,4,0.6166666666666667
91-180,90,0.008,20.39,14.184,1.031,0.5654,0.585,TabPFN,2020,4,0.4666666666666667
181-270,90,0.056,60.2,34.114,0.716,0.5643,0.535,TabPFN,2020,4,0.8777777777777778
271-365,95,0.144,62.99,26.289,0.8744,0.7274,0.655,TabPFN,2020,4,0.8421052631578947
1-7,7,0.323,42.156,32.714,0.8677,0.8405,0.755,RF,2020,9,0.5714285714285714
8-30,23,0.102,68.545,39.416,0.7941,0.6867,0.598,RF,2020,9,0.8260869565217391
31-90,60,0.416,35.131,23.163,0.7508,0.5798,0.793,RF,2020,9,0.4
91-180,90,0.343,12.978,9.459,0.6708,0.5205,0.653,RF,2020,9,0.6333333333333333
181-270,90,0.21,66.374,42.821,0.7479,0.573,0.475,RF,2020,9,0.7111111111111111
271-365,95,0.251,28.247,21.4,0.8973,0.7914,0.61,RF,2020,9,0.9052631578947369
1-7,7,0.414,39.239,31.236,0.8284,0.8025,0.746,XGB,2020,9,0.5714285714285714
8-30,23,0.2,64.7,36.085,0.727,0.6287,0.639,XGB,2020,9,0.8260869565217391
31-90,60,0.529,31.548,22.703,0.7359,0.5683,0.809,XGB,2020,9,0.4
91-180,90,0.352,12.88,9.44,0.6694,0.5194,0.608,XGB,2020,9,0.6333333333333333
181-270,90,0.243,65.008,39.955,0.6979,0.5346,0.554,XGB,2020,9,0.7111111111111111
271-365,95,0.28,27.681,20.462,0.858,0.7567,0.598,XGB,2020,9,0.9052631578947369
1-7,7,0.573,33.499,27.297,0.724,0.7013,0.88,LightGBM,2020,9,0.5714285714285714
8-30,23,0.256,62.419,34.97,0.7046,0.6092,0.652,LightGBM,2020,9,0.8260869565217391
31-90,60,0.555,30.658,22.344,0.7243,0.5593,0.822,LightGBM,2020,9,0.4
91-180,90,0.438,11.996,9.053,0.642,0.4981,0.666,LightGBM,2020,9,0.6333333333333333
181-270,90,0.212,66.32,41.76,0.7294,0.5588,0.516,LightGBM,2020,9,0.7111111111111111
271-365,95,0.246,28.343,21.547,0.9035,0.7968,0.607,LightGBM,2020,9,0.9052631578947369
1-7,7,0.525,35.34,25.722,0.6822,0.6609,0.823,SARIMAX,2020,9,0.5714285714285714
8-30,23,-0.013,72.797,40.746,0.8209,0.7099,0.564,SARIMAX,2020,9,0.8260869565217391
31-90,60,0.473,33.382,21.855,0.7084,0.547,0.811,SARIMAX,2020,9,0.4
91-180,90,0.383,12.574,9.216,0.6535,0.5071,0.621,SARIMAX,2020,9,0.6333333333333333
181-270,90,0.321,61.57,37.379,0.6529,0.5002,0.597,SARIMAX,2020,9,0.7111111111111111
271-365,95,0.048,31.832,22.79,0.9556,0.8428,0.459,SARIMAX,2020,9,0.9052631578947369
1-7,7,0.48,36.942,28.671,0.7604,0.7366,0.839,Ensemble_unweighted,2020,9,0.5714285714285714
8-30,23,0.155,66.483,36.087,0.7271,0.6287,0.625,Ensemble_unweighted,2020,9,0.8260869565217391
31-90,60,0.52,31.869,21.366,0.6926,0.5348,0.829,Ensemble_unweighted,2020,9,0.4
91-180,90,0.441,11.972,8.749,0.6204,0.4814,0.675,Ensemble_unweighted,2020,9,0.6333333333333333
181-270,90,0.257,64.382,39.763,0.6945,0.5321,0.547,Ensemble_unweighted,2020,9,0.7111111111111111
271-365,95,0.239,28.461,20.968,0.8792,0.7754,0.579,Ensemble_unweighted,2020,9,0.9052631578947369
1-7,7,0.481,36.932,28.671,0.7604,0.7366,0.839,Ensemble_MASEweighted,2020,9,0.5714285714285714
8-30,23,0.158,66.388,36.067,0.7267,0.6283,0.626,Ensemble_MASEweighted,2020,9,0.8260869565217391
31-90,60,0.52,31.839,21.399,0.6937,0.5356,0.829,Ensemble_MASEweighted,2020,9,0.4
91-180,90,0.44,11.975,8.757,0.621,0.4818,0.675,Ensemble_MASEweighted,2020,9,0.6333333333333333
181-270,90,0.256,64.418,39.791,0.695,0.5324,0.547,Ensemble_MASEweighted,2020,9,0.7111111111111111
271-365,95,0.241,28.432,20.964,0.8791,0.7753,0.581,Ensemble_MASEweighted,2020,9,0.9052631578947369
1-7,7,-0.63,65.443,45.418,1.2046,1.1669,-0.085,TFT,2020,9,0.5714285714285714
8-30,23,-0.473,87.808,53.409,1.0761,0.9305,0.324,TFT,2020,9,0.8260869565217391
31-90,60,-0.538,57.016,36.853,1.1946,0.9224,0.386,TFT,2020,9,0.4
91-180,90,-1.433,24.965,19.938,1.4139,1.097,0.039,TFT,2020,9,0.6333333333333333
181-270,90,-0.091,78.01,46.559,0.8132,0.623,0.213,TFT,2020,9,0.7111111111111111
271-365,95,0.32,26.901,17.754,0.7445,0.6566,0.603,TFT,2020,9,0.9052631578947369
1-7,7,-0.322,58.936,37.595,0.9971,0.9659,-0.289,TabPFN,2020,9,0.5714285714285714
8-30,23,-0.147,77.468,47.465,0.9563,0.8269,0.251,TabPFN,2020,9,0.8260869565217391
31-90,60,-0.287,52.168,31.456,1.0196,0.7874,0.151,TabPFN,2020,9,0.4
91-180,90,-0.056,16.451,11.524,0.8172,0.6341,0.362,TabPFN,2020,9,0.6333333333333333
181-270,90,-0.264,83.992,53.731,0.9385,0.719,0.568,TabPFN,2020,9,0.7111111111111111
271-365,95,0.028,32.171,21.694,0.9096,0.8022,0.268,TabPFN,2020,9,0.9052631578947369
1-7,7,-0.386,3.077,2.695,1.3337,0.2684,0.829,RF,2021,2,0.0
8-30,23,-0.002,12.002,9.841,0.8164,0.4535,0.753,RF,2021,2,0.0
31-90,60,0.596,9.915,8.914,0.7437,0.4144,0.909,RF,2021,2,0.0
91-180,90,-0.165,13.919,10.556,0.8427,0.4775,-0.2,RF,2021,2,0.0
181-270,90,0.081,17.237,14.133,0.7622,0.5388,0.589,RF,2021,2,0.0
271-365,95,-0.866,10.966,9.442,1.4436,1.1773,0.196,RF,2021,2,0.0
1-7,7,0.454,1.931,1.38,0.6828,0.1374,0.73,XGB,2021,2,0.0
8-30,23,0.35,9.669,7.922,0.6572,0.3651,0.646,XGB,2021,2,0.0
31-90,60,0.7,8.54,6.802,0.5675,0.3162,0.873,XGB,2021,2,0.0
91-180,90,-0.167,13.931,9.165,0.7317,0.4146,-0.151,XGB,2021,2,0.0
181-270,90,-0.192,19.628,15.374,0.8292,0.5861,0.194,XGB,2021,2,0.0
271-365,95,-0.645,10.296,7.693,1.1762,0.9593,0.025,XGB,2021,2,0.0
1-7,7,0.309,2.172,1.51,0.7475,0.1504,0.73,LightGBM,2021,2,0.0
8-30,23,-0.004,12.017,9.775,0.811,0.4505,0.667,LightGBM,2021,2,0.0
31-90,60,0.582,10.08,8.569,0.7149,0.3984,0.875,LightGBM,2021,2,0.0
91-180,90,-0.171,13.956,10.135,0.8091,0.4585,-0.172,LightGBM,2021,2,0.0
181-270,90,-0.101,18.86,15.307,0.8256,0.5836,0.344,LightGBM,2021,2,0.0
271-365,95,-1.623,13.001,8.533,1.3046,1.064,-0.018,LightGBM,2021,2,0.0
1-7,7,-5.082,6.446,6.122,3.0299,0.6098,0.699,SARIMAX,2021,2,0.0
8-30,23,0.616,7.435,5.922,0.4913,0.2729,0.828,SARIMAX,2021,2,0.0
31-90,60,0.698,8.575,6.327,0.5278,0.2941,0.845,SARIMAX,2021,2,0.0
91-180,90,-0.685,16.738,11.387,0.909,0.5151,-0.187,SARIMAX,2021,2,0.0
181-270,90,-0.684,23.33,17.971,0.9693,0.6852,0.015,SARIMAX,2021,2,0.0
271-365,95,-1.927,13.733,10.804,1.6519,1.3472,-0.389,SARIMAX,2021,2,0.0
1-7,7,0.17,2.382,2.278,1.1274,0.2269,0.953,Ensemble_unweighted,2021,2,0.0
8-30,23,0.412,9.196,7.207,0.5979,0.3321,0.768,Ensemble_unweighted,2021,2,0.0
31-90,60,0.767,7.533,6.374,0.5318,0.2963,0.918,Ensemble_unweighted,2021,2,0.0
91-180,90,-0.181,14.017,9.481,0.7568,0.4289,-0.199,Ensemble_unweighted,2021,2,0.0
181-270,90,-0.164,19.393,15.07,0.8128,0.5746,0.317,Ensemble_unweighted,2021,2,0.0
271-365,95,-0.942,11.186,8.533,1.3046,1.064,-0.113,Ensemble_unweighted,2021,2,0.0
1-7,7,0.206,2.329,2.236,1.1064,0.2227,0.95,Ensemble_MASEweighted,2021,2,0.0
8-30,23,0.407,9.234,7.255,0.6018,0.3343,0.765,Ensemble_MASEweighted,2021,2,0.0
31-90,60,0.765,7.559,6.395,0.5335,0.2973,0.917,Ensemble_MASEweighted,2021,2,0.0
91-180,90,-0.179,14.003,9.476,0.7565,0.4287,-0.198,Ensemble_MASEweighted,2021,2,0.0
181-270,90,-0.162,19.376,15.064,0.8125,0.5743,0.318,Ensemble_MASEweighted,2021,2,0.0
271-365,95,-0.94,11.179,8.514,1.3017,1.0616,-0.107,Ensemble_MASEweighted,2021,2,0.0
1-7,7,-54.349,19.446,16.763,8.2957,1.6696,-0.659,TFT,2021,2,0.0
8-30,23,-7.263,34.471,29.039,2.4091,1.3383,-0.21,TFT,2021,2,0.0
31-90,60,-3.357,32.559,26.556,2.2155,1.2345,0.102,TFT,2021,2,0.0
91-180,90,-5.427,32.694,23.537,1.879,1.0647,0.014,TFT,2021,2,0.0
181-270,90,-3.617,38.629,26.886,1.4501,1.0251,-0.139,TFT,2021,2,0.0
271-365,95,-5.309,20.161,15.396,2.3539,1.9197,0.397,TFT,2021,2,0.0
1-7,7,-6.546,7.18,6.636,3.284,0.661,-0.051,TabPFN,2021,2,0.0
8-30,23,-2.207,21.477,17.069,1.416,0.7866,-0.562,TabPFN,2021,2,0.0
31-90,60,-1.456,24.445,18.324,1.5287,0.8518,-0.376,TabPFN,2021,2,0.0
91-180,90,-2.791,25.11,21.39,1.7076,0.9676,-0.188,TabPFN,2021,2,0.0
181-270,90,-1.843,30.31,24.174,1.3038,0.9217,-0.254,TabPFN,2021,2,0.0
271-365,95,-0.333,9.268,6.756,1.0329,0.8424,0.338,TabPFN,2021,2,0.0
1-7,7,-1.968,3.192,2.587,1.6156,0.2367,-0.754,RF,2021,4,0.42857142857142855
8-30,23,-1.562,14.822,12.856,1.7243,0.9489,0.428,RF,2021,4,0.8260869565217391
31-90,60,-0.694,16.934,13.541,1.474,0.8165,0.258,RF,2021,4,0.8333333333333334
91-180,90,0.323,58.612,36.714,0.6171,0.5329,0.601,RF,2021,4,1.0
181-270,90,0.276,70.378,55.488,0.8915,0.8209,0.555,RF,2021,4,0.9777777777777777
271-365,95,0.055,31.926,26.44,1.2145,1.0356,0.705,RF,2021,4,0.9578947368421052
1-7,7,-1.002,2.621,2.275,1.4208,0.2081,-0.855,XGB,2021,4,0.42857142857142855
8-30,23,-0.266,10.418,9.128,1.2244,0.6738,0.507,XGB,2021,4,0.8260869565217391
31-90,60,-0.638,16.649,11.644,1.2676,0.7021,0.284,XGB,2021,4,0.8333333333333334
91-180,90,0.22,62.91,42.036,0.7065,0.6102,0.47,XGB,2021,4,1.0
181-270,90,0.4,64.071,51.73,0.8311,0.7653,0.677,XGB,2021,4,0.9777777777777777
271-365,95,0.131,30.615,25.023,1.1494,0.9801,0.703,XGB,2021,4,0.9578947368421052
1-7,7,-0.964,2.596,2.021,1.262,0.1849,-0.74,LightGBM,2021,4,0.42857142857142855
8-30,23,-0.467,11.214,9.568,1.2834,0.7063,0.451,LightGBM,2021,4,0.8260869565217391
31-90,60,-0.276,14.697,10.025,1.0913,0.6045,0.211,LightGBM,2021,4,0.8333333333333334
91-180,90,0.3,59.583,39.653,0.6665,0.5756,0.55,LightGBM,2021,4,1.0
181-270,90,0.386,64.817,51.416,0.826,0.7606,0.69,LightGBM,2021,4,0.9777777777777777
271-365,95,0.07,31.672,25.992,1.1939,1.0181,0.688,LightGBM,2021,4,0.9578947368421052
1-7,7,-2.294,3.362,2.049,1.28,0.1875,-0.226,SARIMAX,2021,4,0.42857142857142855
8-30,23,0.38,7.294,5.847,0.7843,0.4316,0.625,SARIMAX,2021,4,0.8260869565217391
31-90,60,0.107,12.295,8.451,0.9199,0.5096,0.359,SARIMAX,2021,4,0.8333333333333334
91-180,90,0.19,64.085,40.962,0.6885,0.5946,0.443,SARIMAX,2021,4,1.0
181-270,90,0.273,70.503,51.018,0.8196,0.7547,0.54,SARIMAX,2021,4,0.9777777777777777
271-365,95,0.231,28.798,22.59,1.0377,0.8848,0.708,SARIMAX,2021,4,0.9578947368421052
1-7,7,-1.069,2.664,2.137,1.3346,0.1955,-0.709,Ensemble_unweighted,2021,4,0.42857142857142855
8-30,23,-0.232,10.278,9.037,1.2122,0.6671,0.519,Ensemble_unweighted,2021,4,0.8260869565217391
31-90,60,-0.183,14.15,10.249,1.1156,0.618,0.286,Ensemble_unweighted,2021,4,0.8333333333333334
91-180,90,0.269,60.907,39.62,0.6659,0.5751,0.523,Ensemble_unweighted,2021,4,1.0
181-270,90,0.365,65.908,51.798,0.8322,0.7663,0.637,Ensemble_unweighted,2021,4,0.9777777777777777
271-365,95,0.175,29.838,24.746,1.1367,0.9693,0.73,Ensemble_unweighted,2021,4,0.9578947368421052
1-7,7,-1.058,2.658,2.136,1.3339,0.1954,-0.717,Ensemble_MASEweighted,2021,4,0.42857142857142855
8-30,23,-0.238,10.302,9.056,1.2147,0.6685,0.519,Ensemble_MASEweighted,2021,4,0.8260869565217391
31-90,60,-0.19,14.192,10.27,1.1179,0.6192,0.285,Ensemble_MASEweighted,2021,4,0.8333333333333334
91-180,90,0.269,60.9,39.646,0.6664,0.5755,0.523,Ensemble_MASEweighted,2021,4,1.0
181-270,90,0.366,65.829,51.795,0.8321,0.7662,0.639,Ensemble_MASEweighted,2021,4,0.9777777777777777
271-365,95,0.173,29.864,24.774,1.138,0.9703,0.729,Ensemble_MASEweighted,2021,4,0.9578947368421052
1-7,7,-14.281,7.242,6.022,3.7608,0.5509,-0.535,TFT,2021,4,0.42857142857142855
8-30,23,-1.855,15.647,12.781,1.7144,0.9434,0.35,TFT,2021,4,0.8260869565217391
31-90,60,-0.497,15.918,11.957,1.3017,0.721,0.429,TFT,2021,4,0.8333333333333334
91-180,90,0.297,59.726,35.642,0.5991,0.5174,0.622,TFT,2021,4,1.0
181-270,90,0.318,68.298,45.484,0.7307,0.6729,0.606,TFT,2021,4,0.9777777777777777
271-365,95,-0.768,43.672,28.705,1.3186,1.1243,0.578,TFT,2021,4,0.9578947368421052
1-7,7,-0.045,1.894,1.622,1.013,0.1484,0.075,TabPFN,2021,4,0.42857142857142855
8-30,23,0.165,8.46,6.228,0.8354,0.4597,0.678,TabPFN,2021,4,0.8260869565217391
31-90,60,-0.099,13.636,9.018,0.9817,0.5438,0.392,TabPFN,2021,4,0.8333333333333334
91-180,90,-0.01,71.595,38.255,0.643,0.5553,0.49,TabPFN,2021,4,1.0
181-270,90,0.076,79.493,50.33,0.8086,0.7446,0.525,TabPFN,2021,4,0.9777777777777777
271-365,95,0.313,27.216,16.665,0.7655,0.6527,0.601,TabPFN,2021,4,0.9578947368421052
1-7,7,0.618,6.073,5.608,0.4925,0.301,0.985,RF,2021,9,0.14285714285714285
8-30,23,0.152,12.208,9.51,0.6119,0.554,0.455,RF,2021,9,0.5217391304347826
31-90,60,-2.377,16.655,14.599,0.7664,1.3244,0.564,RF,2021,9,0.5833333333333334
91-180,90,0.386,52.728,34.777,0.5429,0.4233,0.657,RF,2021,9,0.9444444444444444
181-270,90,0.2,31.765,20.722,0.7453,0.4077,0.453,RF,2021,9,0.5222222222222223
271-365,95,0.22,11.438,7.601,0.4515,0.495,0.527,RF,2021,9,0.0
1-7,7,0.546,6.621,5.617,0.4933,0.3014,0.904,XGB,2021,9,0.14285714285714285
8-30,23,0.24,11.552,9.254,0.5954,0.5391,0.546,XGB,2021,9,0.5217391304347826
31-90,60,-1.124,13.209,10.638,0.5584,0.9651,0.555,XGB,2021,9,0.5833333333333334
91-180,90,0.44,50.35,35.055,0.5473,0.4267,0.685,XGB,2021,9,0.9444444444444444
181-270,90,-0.073,36.795,23.905,0.8598,0.4704,0.307,XGB,2021,9,0.5222222222222223
271-365,95,0.108,12.235,8.102,0.4813,0.5277,0.403,XGB,2021,9,0.0
1-7,7,0.551,6.582,5.569,0.4891,0.2989,0.922,LightGBM,2021,9,0.14285714285714285
8-30,23,0.283,11.222,8.82,0.5675,0.5138,0.654,LightGBM,2021,9,0.5217391304347826
31-90,60,-1.008,12.844,11.075,0.5814,1.0047,0.509,LightGBM,2021,9,0.5833333333333334
91-180,90,0.438,50.416,34.709,0.5419,0.4225,0.662,LightGBM,2021,9,0.9444444444444444
181-270,90,0.109,33.529,21.985,0.7907,0.4326,0.402,LightGBM,2021,9,0.5222222222222223
271-365,95,-0.459,15.643,9.433,0.5604,0.6144,0.252,LightGBM,2021,9,0.0
1-7,7,-0.574,12.325,11.809,1.0372,0.6338,0.933,SARIMAX,2021,9,0.14285714285714285
8-30,23,-2.844,25.986,23.164,1.4904,1.3495,0.572,SARIMAX,2021,9,0.5217391304347826
31-90,60,-6.178,24.28,21.742,1.1413,1.9725,0.485,SARIMAX,2021,9,0.5833333333333334
91-180,90,0.042,65.851,46.708,0.7292,0.5686,0.631,SARIMAX,2021,9,0.9444444444444444
181-270,90,-0.357,41.376,31.369,1.1282,0.6172,0.51,SARIMAX,2021,9,0.5222222222222223
271-365,95,-0.204,14.213,12.14,0.7212,0.7907,0.658,SARIMAX,2021,9,0.0
1-7,7,0.726,5.141,4.598,0.4038,0.2468,0.972,Ensemble_unweighted,2021,9,0.14285714285714285
8-30,23,0.199,11.864,8.719,0.561,0.508,0.596,Ensemble_unweighted,2021,9,0.5217391304347826
31-90,60,-0.213,9.983,7.162,0.376,0.6497,0.553,Ensemble_unweighted,2021,9,0.5833333333333334
91-180,90,0.395,52.309,34.389,0.5369,0.4186,0.674,Ensemble_unweighted,2021,9,0.9444444444444444
181-270,90,0.102,33.65,21.672,0.7794,0.4264,0.426,Ensemble_unweighted,2021,9,0.5222222222222223
271-365,95,0.235,11.326,7.956,0.4726,0.5182,0.496,Ensemble_unweighted,2021,9,0.0
1-7,7,0.725,5.148,4.625,0.4062,0.2482,0.971,Ensemble_MASEweighted,2021,9,0.14285714285714285
8-30,23,0.208,11.797,8.645,0.5563,0.5037,0.597,Ensemble_MASEweighted,2021,9,0.5217391304347826
31-90,60,-0.225,10.029,7.221,0.3791,0.6551,0.553,Ensemble_MASEweighted,2021,9,0.5833333333333334
91-180,90,0.398,52.187,34.349,0.5363,0.4181,0.674,Ensemble_MASEweighted,2021,9,0.9444444444444444
181-270,90,0.102,33.658,21.653,0.7788,0.4261,0.424,Ensemble_MASEweighted,2021,9,0.5222222222222223
271-365,95,0.229,11.375,7.962,0.473,0.5186,0.49,Ensemble_MASEweighted,2021,9,0.0
1-7,7,-0.158,10.572,7.964,0.6995,0.4274,0.884,TFT,2021,9,0.14285714285714285
8-30,23,-1.452,20.757,16.696,1.0742,0.9727,-0.109,TFT,2021,9,0.5217391304347826
31-90,60,-1.532,14.422,11.846,0.6218,1.0746,0.123,TFT,2021,9,0.5833333333333334
91-180,90,-0.397,79.508,54.845,0.8563,0.6676,0.309,TFT,2021,9,0.9444444444444444
181-270,90,-2.072,62.247,39.403,1.4171,0.7753,0.413,TFT,2021,9,0.5222222222222223
271-365,95,-5.08,31.937,24.041,1.4282,1.5658,0.385,TFT,2021,9,0.0
1-7,7,-0.659,12.655,11.155,0.9797,0.5987,0.941,TabPFN,2021,9,0.14285714285714285
8-30,23,-0.776,17.663,13.826,0.8896,0.8055,0.078,TabPFN,2021,9,0.5217391304347826
31-90,60,-0.279,10.249,7.258,0.381,0.6585,0.436,TabPFN,2021,9,0.5833333333333334
91-180,90,-0.104,70.666,47.144,0.736,0.5739,0.689,TabPFN,2021,9,0.9444444444444444
181-270,90,-0.629,45.324,34.755,1.25,0.6839,0.527,TabPFN,2021,9,0.5222222222222223
271-365,95,0.051,12.615,9.156,0.544,0.5964,0.444,TabPFN,2021,9,0.0
1-7,7,-22.016,25.943,24.706,3.0599,1.9274,-0.189,RF,2022,2,0.0
8-30,23,-0.756,22.086,17.606,0.9747,1.1147,0.694,RF,2022,2,0.0
31-90,60,0.609,12.349,7.724,0.3414,0.432,0.921,RF,2022,2,0.0
91-180,90,-0.52,11.911,10.436,0.5808,0.7892,0.717,RF,2022,2,0.0
181-270,90,0.078,14.886,11.803,0.3968,0.4721,0.518,RF,2022,2,0.0
271-365,95,0.225,13.949,10.278,0.6558,0.8882,0.644,RF,2022,2,0.0
1-7,7,-24.276,27.187,25.776,3.1924,2.0108,-0.275,XGB,2022,2,0.0
8-30,23,-0.436,19.973,14.244,0.7886,0.9019,0.658,XGB,2022,2,0.0
31-90,60,0.639,11.859,6.831,0.3019,0.3821,0.867,XGB,2022,2,0.0
91-180,90,0.246,8.391,5.915,0.3292,0.4473,0.745,XGB,2022,2,0.0
181-270,90,-0.372,18.154,13.562,0.4559,0.5424,0.455,XGB,2022,2,0.0
271-365,95,0.204,14.137,10.078,0.643,0.8709,0.582,XGB,2022,2,0.0
1-7,7,-20.922,25.318,23.852,2.9541,1.8607,-0.399,LightGBM,2022,2,0.0
8-30,23,-0.539,20.675,15.636,0.8656,0.99,0.742,LightGBM,2022,2,0.0
31-90,60,0.626,12.08,7.349,0.3249,0.4111,0.855,LightGBM,2022,2,0.0
91-180,90,0.239,8.429,6.099,0.3394,0.4612,0.738,LightGBM,2022,2,0.0
181-270,90,-0.163,16.715,12.736,0.4282,0.5094,0.589,LightGBM,2022,2,0.0
271-365,95,0.245,13.771,10.25,0.654,0.8858,0.643,LightGBM,2022,2,0.0
1-7,7,-5.342,13.618,11.957,1.4809,0.9328,-0.129,SARIMAX,2022,2,0.0
8-30,23,-0.708,21.781,20.552,1.1378,1.3012,-0.231,SARIMAX,2022,2,0.0
31-90,60,0.393,15.382,9.514,0.4206,0.5322,0.814,SARIMAX,2022,2,0.0
91-180,90,0.35,7.792,5.79,0.3222,0.4379,0.654,SARIMAX,2022,2,0.0
181-270,90,-0.731,20.395,15.549,0.5227,0.6219,0.425,SARIMAX,2022,2,0.0
271-365,95,0.471,11.528,7.79,0.497,0.6732,0.704,SARIMAX,2022,2,0.0
1-7,7,-15.924,22.246,20.977,2.598,1.6364,-0.388,Ensemble_unweighted,2022,2,0.0
8-30,23,-0.058,17.143,10.07,0.5575,0.6376,0.776,Ensemble_unweighted,2022,2,0.0
31-90,60,0.631,11.99,6.554,0.2897,0.3666,0.905,Ensemble_unweighted,2022,2,0.0
91-180,90,0.388,7.56,5.624,0.313,0.4253,0.77,Ensemble_unweighted,2022,2,0.0
181-270,90,-0.202,16.998,12.452,0.4186,0.498,0.596,Ensemble_unweighted,2022,2,0.0
271-365,95,0.345,12.821,8.866,0.5657,0.7662,0.71,Ensemble_unweighted,2022,2,0.0
1-7,7,-16.137,22.385,21.115,2.6151,1.6472,-0.386,Ensemble_MASEweighted,2022,2,0.0
8-30,23,-0.069,17.23,10.198,0.5646,0.6457,0.775,Ensemble_MASEweighted,2022,2,0.0
31-90,60,0.632,11.976,6.559,0.2899,0.3669,0.904,Ensemble_MASEweighted,2022,2,0.0
91-180,90,0.384,7.58,5.641,0.3139,0.4266,0.77,Ensemble_MASEweighted,2022,2,0.0
181-270,90,-0.202,16.995,12.453,0.4186,0.4981,0.598,Ensemble_MASEweighted,2022,2,0.0
271-365,95,0.342,12.856,8.906,0.5682,0.7696,0.709,Ensemble_MASEweighted,2022,2,0.0
1-7,7,-38.094,33.811,33.66,4.1689,2.6259,0.81,TFT,2022,2,0.0
8-30,23,-0.469,20.204,13.224,0.7321,0.8373,0.361,TFT,2022,2,0.0
31-90,60,0.08,18.934,10.073,0.4453,0.5634,0.441,TFT,2022,2,0.0
91-180,90,-2.019,16.787,13.674,0.761,1.0341,0.437,TFT,2022,2,0.0
181-270,90,-2.623,29.506,24.11,0.8105,0.9643,-0.072,TFT,2022,2,0.0
271-365,95,0.087,15.136,11.081,0.707,0.9576,0.399,TFT,2022,2,0.0
1-7,7,-7.952,16.179,15.134,1.8743,1.1806,-0.732,TabPFN,2022,2,0.0
8-30,23,0.075,16.029,13.254,0.7338,0.8392,0.756,TabPFN,2022,2,0.0
31-90,60,-0.587,24.875,14.526,0.6421,0.8125,-0.358,TabPFN,2022,2,0.0
91-180,90,-1.788,16.13,12.967,0.7216,0.9806,0.117,TabPFN,2022,2,0.0
181-270,90,-2.268,28.023,22.876,0.769,0.9149,-0.226,TabPFN,2022,2,0.0
271-365,95,-0.226,17.546,9.627,0.6143,0.832,-0.216,TabPFN,2022,2,0.0
1-7,7,-18.267,14.993,13.415,3.548,4.0591,-0.026,RF,2022,4,0.0
8-30,23,-84.928,18.37,17.905,3.4448,8.2355,0.424,RF,2022,4,0.0
31-90,60,-4.544,9.006,8.098,0.9535,1.6765,0.173,RF,2022,4,0.016666666666666666
91-180,90,0.421,30.765,23.141,0.8869,0.9843,0.802,RF,2022,4,0.8333333333333334
181-270,90,0.396,35.847,25.367,0.6636,0.7052,0.684,RF,2022,4,0.8222222222222222
271-365,95,0.3,16.911,13.121,0.7739,0.9101,0.669,RF,2022,4,0.7789473684210526
1-7,7,-21.16,16.079,14.824,3.9205,4.4853,-0.079,XGB,2022,4,0.0
8-30,23,-77.191,17.523,17.047,3.2796,7.8406,0.304,XGB,2022,4,0.0
31-90,60,-1.69,6.272,5.54,0.6523,1.1469,0.052,XGB,2022,4,0.016666666666666666
91-180,90,0.462,29.666,20.175,0.7732,0.8581,0.757,XGB,2022,4,0.8333333333333334
181-270,90,0.39,36.042,25.537,0.668,0.7099,0.685,XGB,2022,4,0.8222222222222222
271-365,95,0.344,16.371,12.711,0.7497,0.8816,0.682,XGB,2022,4,0.7789473684210526
1-7,7,-14.928,13.632,12.428,3.2869,3.7604,-0.342,LightGBM,2022,4,0.0
8-30,23,-79.763,17.809,17.365,3.3408,7.987,0.372,LightGBM,2022,4,0.0
31-90,60,-1.53,6.083,5.334,0.628,1.1043,0.023,LightGBM,2022,4,0.016666666666666666
91-180,90,0.419,30.814,21.567,0.8266,0.9173,0.707,LightGBM,2022,4,0.8333333333333334
181-270,90,0.207,41.088,31.106,0.8137,0.8648,0.664,LightGBM,2022,4,0.8222222222222222
271-365,95,0.284,17.106,13.216,0.7795,0.9166,0.645,LightGBM,2022,4,0.7789473684210526
1-7,7,-10.565,11.616,9.172,2.4258,2.7752,-0.603,SARIMAX,2022,4,0.0
8-30,23,-31.051,11.219,9.92,1.9085,4.5626,-0.345,SARIMAX,2022,4,0.0
31-90,60,-6.485,10.464,8.695,1.0237,1.8,0.119,SARIMAX,2022,4,0.016666666666666666
91-180,90,0.598,25.629,18.99,0.7278,0.8077,0.898,SARIMAX,2022,4,0.8333333333333334
181-270,90,0.36,36.911,26.224,0.686,0.729,0.69,SARIMAX,2022,4,0.8222222222222222
271-365,95,-0.221,22.336,17.53,1.034,1.2159,0.585,SARIMAX,2022,4,0.7789473684210526
1-7,7,-9.932,11.294,9.812,2.595,2.9688,-0.67,Ensemble_unweighted,2022,4,0.0
8-30,23,-33.057,11.565,11.276,2.1694,5.1863,0.242,Ensemble_unweighted,2022,4,0.0
31-90,60,-2.202,6.844,5.586,0.6576,1.1563,0.173,Ensemble_unweighted,2022,4,0.016666666666666666
91-180,90,0.491,28.843,20.634,0.7908,0.8777,0.818,Ensemble_unweighted,2022,4,0.8333333333333334
181-270,90,0.364,36.784,26.596,0.6957,0.7394,0.689,Ensemble_unweighted,2022,4,0.8222222222222222
271-365,95,0.284,17.1,13.493,0.7959,0.9359,0.663,Ensemble_unweighted,2022,4,0.7789473684210526
1-7,7,-10.153,11.407,9.95,2.6315,3.0106,-0.65,Ensemble_MASEweighted,2022,4,0.0
8-30,23,-34.305,11.775,11.489,2.2103,5.2841,0.252,Ensemble_MASEweighted,2022,4,0.0
31-90,60,-2.174,6.814,5.581,0.6571,1.1553,0.172,Ensemble_MASEweighted,2022,4,0.016666666666666666
91-180,90,0.49,28.882,20.639,0.791,0.8779,0.816,Ensemble_MASEweighted,2022,4,0.8333333333333334
181-270,90,0.364,36.807,26.628,0.6966,0.7403,0.689,Ensemble_MASEweighted,2022,4,0.8222222222222222
271-365,95,0.287,17.073,13.465,0.7943,0.934,0.664,Ensemble_MASEweighted,2022,4,0.7789473684210526
1-7,7,-16.957,14.474,14.18,3.7502,4.2904,0.526,TFT,2022,4,0.0
8-30,23,-56.265,14.996,13.879,2.6702,6.3836,0.209,TFT,2022,4,0.0
31-90,60,-4.447,8.926,6.317,0.7437,1.3077,0.271,TFT,2022,4,0.016666666666666666
91-180,90,0.554,27.002,19.87,0.7615,0.8452,0.817,TFT,2022,4,0.8333333333333334
181-270,90,0.402,35.693,24.93,0.6522,0.6931,0.687,TFT,2022,4,0.8222222222222222
271-365,95,-0.694,26.308,18.007,1.0621,1.2489,0.538,TFT,2022,4,0.7789473684210526
1-7,7,-3.491,7.239,6.387,1.6891,1.9324,0.121,TabPFN,2022,4,0.0
8-30,23,-11.329,6.958,6.729,1.2946,3.095,0.449,TabPFN,2022,4,0.0
31-90,60,-0.455,4.614,4.141,0.4875,0.8572,0.585,TabPFN,2022,4,0.016666666666666666
91-180,90,0.388,31.645,17.809,0.6825,0.7575,0.874,TabPFN,2022,4,0.8333333333333334
181-270,90,0.242,40.171,25.172,0.6585,0.6998,0.711,TabPFN,2022,4,0.8222222222222222
271-365,95,0.283,17.113,11.248,0.6635,0.7802,0.657,TabPFN,2022,4,0.7789473684210526
1-7,7,-26.366,10.293,9.857,6.6142,4.9626,0.139,RF,2022,9,0.0
8-30,23,-14.5,12.016,11.325,2.3831,3.0919,0.139,RF,2022,9,0.0
31-90,60,-0.865,8.931,6.988,0.8089,0.9253,0.176,RF,2022,9,0.23333333333333334
91-180,90,-1.153,20.15,17.665,1.3337,1.4234,0.453,RF,2022,9,0.9333333333333333
181-270,90,0.231,41.763,33.707,0.7833,0.7964,0.701,RF,2022,9,0.9333333333333333
271-365,95,0.249,29.81,21.721,0.7609,0.7879,0.558,RF,2022,9,0.9368421052631579
1-7,7,-33.169,11.501,11.256,7.5526,5.6667,0.285,XGB,2022,9,0.0
8-30,23,-13.08,11.452,10.718,2.2553,2.9261,0.03,XGB,2022,9,0.0
31-90,60,-0.867,8.936,6.941,0.8035,0.9191,0.166,XGB,2022,9,0.23333333333333334
91-180,90,-0.791,18.38,16.233,1.2256,1.3081,0.555,XGB,2022,9,0.9333333333333333
181-270,90,0.349,38.413,29.517,0.686,0.6974,0.683,XGB,2022,9,0.9333333333333333
271-365,95,0.228,30.208,21.574,0.7557,0.7826,0.504,XGB,2022,9,0.9368421052631579
1-7,7,-27.323,10.471,10.312,6.9191,5.1914,0.508,LightGBM,2022,9,0.0
8-30,23,-7.07,8.67,7.784,1.638,2.1252,-0.028,LightGBM,2022,9,0.0
31-90,60,-0.695,8.515,6.579,0.7616,0.8712,0.14,LightGBM,2022,9,0.23333333333333334
91-180,90,-0.858,18.721,16.635,1.2559,1.3404,0.495,LightGBM,2022,9,0.9333333333333333
181-270,90,-0.01,47.858,39.47,0.9173,0.9325,0.685,LightGBM,2022,9,0.9333333333333333
271-365,95,0.104,32.552,24.314,0.8517,0.882,0.431,LightGBM,2022,9,0.9368421052631579
1-7,7,-4.666,4.683,3.725,2.4992,1.8752,-0.549,SARIMAX,2022,9,0.0
8-30,23,-8.004,9.158,8.451,1.7783,2.3073,-0.253,SARIMAX,2022,9,0.0
31-90,60,-2.449,12.147,9.693,1.122,1.2835,-0.064,SARIMAX,2022,9,0.23333333333333334
91-180,90,-0.215,15.135,11.591,0.8751,0.934,0.432,SARIMAX,2022,9,0.9333333333333333
181-270,90,0.358,38.169,29.292,0.6807,0.6921,0.712,SARIMAX,2022,9,0.9333333333333333
271-365,95,0.163,31.453,21.376,0.7488,0.7754,0.525,SARIMAX,2022,9,0.9368421052631579
1-7,7,-15.839,8.074,7.763,5.209,3.9083,-0.013,Ensemble_unweighted,2022,9,0.0
8-30,23,-3.508,6.48,5.618,1.1821,1.5337,-0.05,Ensemble_unweighted,2022,9,0.0
31-90,60,-0.481,7.961,6.169,0.7141,0.8169,0.078,Ensemble_unweighted,2022,9,0.23333333333333334
91-180,90,-0.271,15.483,12.889,0.9731,1.0386,0.52,Ensemble_unweighted,2022,9,0.9333333333333333
181-270,90,0.294,40.014,31.164,0.7242,0.7363,0.71,Ensemble_unweighted,2022,9,0.9333333333333333
271-365,95,0.236,30.055,21.312,0.7466,0.7731,0.528,Ensemble_unweighted,2022,9,0.9368421052631579
1-7,7,-16.252,8.172,7.869,5.2798,3.9615,0.011,Ensemble_MASEweighted,2022,9,0.0
8-30,23,-3.688,6.608,5.751,1.2101,1.57,-0.046,Ensemble_MASEweighted,2022,9,0.0
31-90,60,-0.484,7.967,6.165,0.7136,0.8163,0.081,Ensemble_MASEweighted,2022,9,0.23333333333333334
91-180,90,-0.287,15.577,13.008,0.9821,1.0482,0.521,Ensemble_MASEweighted,2022,9,0.9333333333333333
181-270,90,0.293,40.055,31.209,0.7253,0.7374,0.71,Ensemble_MASEweighted,2022,9,0.9333333333333333
271-365,95,0.235,30.075,21.352,0.748,0.7745,0.527,Ensemble_MASEweighted,2022,9,0.9368421052631579
1-7,7,-27.059,10.422,10.147,6.8083,5.1083,-0.483,TFT,2022,9,0.0
8-30,23,-2.705,5.875,4.947,1.041,1.3506,-0.163,TFT,2022,9,0.0
31-90,60,-0.267,7.363,5.167,0.5981,0.6842,0.113,TFT,2022,9,0.23333333333333334
91-180,90,-0.004,13.76,10.92,0.8244,0.8799,0.472,TFT,2022,9,0.9333333333333333
181-270,90,-0.427,56.9,44.722,1.0393,1.0566,0.716,TFT,2022,9,0.9333333333333333
271-365,95,0.112,32.397,23.872,0.8363,0.866,0.565,TFT,2022,9,0.9368421052631579
1-7,7,-9.923,6.503,6.203,4.1623,3.123,0.173,TabPFN,2022,9,0.0
8-30,23,-0.274,3.445,2.501,0.5263,0.6829,-0.228,TabPFN,2022,9,0.0
31-90,60,-0.06,6.732,5.3,0.6135,0.7018,0.141,TabPFN,2022,9,0.23333333333333334
91-180,90,0.191,12.355,8.853,0.6684,0.7134,0.439,TabPFN,2022,9,0.9333333333333333
181-270,90,0.309,39.582,29.72,0.6907,0.7022,0.681,TabPFN,2022,9,0.9333333333333333
271-365,95,0.172,31.29,20.342,0.7126,0.7379,0.433,TabPFN,2022,9,0.9368421052631579
