bin,n,R2,MAE,MASE,model,anchor_year,eval_tower
1-7,6,-2.166,17.183,0.4676,RF_tuned,2018,2
8-30,21,-0.359,11.604,0.2491,RF_tuned,2018,2
31-90,32,-1.166,16.406,0.3607,RF_tuned,2018,2
91-180,43,-0.801,23.668,0.385,RF_tuned,2018,2
181-270,0,,,,RF_tuned,2018,2
271-365,0,,,,RF_tuned,2018,2
1-7,6,-2.747,18.665,0.508,XGB_tuned,2018,2
8-30,21,-0.121,10.372,0.2227,XGB_tuned,2018,2
31-90,32,-0.727,13.5,0.2968,XGB_tuned,2018,2
91-180,43,-0.686,22.66,0.3686,XGB_tuned,2018,2
181-270,0,,,,XGB_tuned,2018,2
271-365,0,,,,XGB_tuned,2018,2
1-7,6,-1.017,12.993,0.3536,LightGBM_tuned,2018,2
8-30,21,-0.137,10.309,0.2213,LightGBM_tuned,2018,2
31-90,32,-0.628,12.58,0.2766,LightGBM_tuned,2018,2
91-180,43,-0.453,20.355,0.3311,LightGBM_tuned,2018,2
181-270,0,,,,LightGBM_tuned,2018,2
271-365,0,,,,LightGBM_tuned,2018,2
1-7,6,-1.329,13.799,0.3755,SARIMAX,2018,2
8-30,21,-3.173,18.998,0.4079,SARIMAX,2018,2
31-90,32,-3.702,26.018,0.572,SARIMAX,2018,2
91-180,43,-3.565,43.68,0.7105,SARIMAX,2018,2
181-270,0,,,,SARIMAX,2018,2
271-365,0,,,,SARIMAX,2018,2
1-7,6,-1.631,15.66,0.4262,Ensemble_4model_tuned,2018,2
8-30,21,-0.639,12.288,0.2638,Ensemble_4model_tuned,2018,2
31-90,32,-1.132,16.311,0.3586,Ensemble_4model_tuned,2018,2
91-180,43,-1.163,26.983,0.4389,Ensemble_4model_tuned,2018,2
181-270,0,,,,Ensemble_4model_tuned,2018,2
271-365,0,,,,Ensemble_4model_tuned,2018,2
1-7,1,,,,RF_tuned,2018,4
8-30,7,-0.945,11.348,0.7481,RF_tuned,2018,4
31-90,33,0.01,14.074,0.8569,RF_tuned,2018,4
91-180,83,-0.839,20.925,1.1482,RF_tuned,2018,4
181-270,72,0.122,56.544,0.9255,RF_tuned,2018,4
271-365,67,-0.061,37.742,1.2398,RF_tuned,2018,4
1-7,1,,,,XGB_tuned,2018,4
8-30,7,-0.858,10.975,0.7235,XGB_tuned,2018,4
31-90,33,0.036,13.087,0.7968,XGB_tuned,2018,4
91-180,83,-0.43,16.671,0.9148,XGB_tuned,2018,4
181-270,72,0.117,57.202,0.9362,XGB_tuned,2018,4
271-365,67,0.018,34.195,1.1233,XGB_tuned,2018,4
1-7,1,,,,LightGBM_tuned,2018,4
8-30,7,-1.098,11.498,0.7579,LightGBM_tuned,2018,4
31-90,33,-0.118,11.863,0.7223,LightGBM_tuned,2018,4
91-180,83,-0.355,15.431,0.8468,LightGBM_tuned,2018,4
181-270,72,0.113,54.919,0.8989,LightGBM_tuned,2018,4
271-365,67,0.041,30.372,0.9977,LightGBM_tuned,2018,4
1-7,1,,,,SARIMAX,2018,4
8-30,7,-2.002,13.715,0.9041,SARIMAX,2018,4
31-90,33,-0.18,15.353,0.9348,SARIMAX,2018,4
91-180,83,-1.044,23.07,1.2659,SARIMAX,2018,4
181-270,72,0.027,64.714,1.0592,SARIMAX,2018,4
271-365,67,-0.185,44.384,1.458,SARIMAX,2018,4
1-7,1,,,,Ensemble_4model_tuned,2018,4
8-30,7,-1.158,11.884,0.7834,Ensemble_4model_tuned,2018,4
31-90,33,0.021,13.072,0.7959,Ensemble_4model_tuned,2018,4
91-180,83,-0.589,18.627,1.0221,Ensemble_4model_tuned,2018,4
181-270,72,0.124,57.818,0.9463,Ensemble_4model_tuned,2018,4
271-365,67,-0.019,35.601,1.1695,Ensemble_4model_tuned,2018,4
1-7,0,,,,RF_tuned,2018,9
8-30,0,,,,RF_tuned,2018,9
31-90,0,,,,RF_tuned,2018,9
91-180,0,,,,RF_tuned,2018,9
181-270,0,,,,RF_tuned,2018,9
271-365,0,,,,RF_tuned,2018,9
1-7,0,,,,XGB_tuned,2018,9
8-30,0,,,,XGB_tuned,2018,9
31-90,0,,,,XGB_tuned,2018,9
91-180,0,,,,XGB_tuned,2018,9
181-270,0,,,,XGB_tuned,2018,9
271-365,0,,,,XGB_tuned,2018,9
1-7,0,,,,LightGBM_tuned,2018,9
8-30,0,,,,LightGBM_tuned,2018,9
31-90,0,,,,LightGBM_tuned,2018,9
91-180,0,,,,LightGBM_tuned,2018,9
181-270,0,,,,LightGBM_tuned,2018,9
271-365,0,,,,LightGBM_tuned,2018,9
1-7,0,,,,SARIMAX,2018,9
8-30,0,,,,SARIMAX,2018,9
31-90,0,,,,SARIMAX,2018,9
91-180,0,,,,SARIMAX,2018,9
181-270,0,,,,SARIMAX,2018,9
271-365,0,,,,SARIMAX,2018,9
1-7,0,,,,Ensemble_4model_tuned,2018,9
8-30,0,,,,Ensemble_4model_tuned,2018,9
31-90,0,,,,Ensemble_4model_tuned,2018,9
91-180,0,,,,Ensemble_4model_tuned,2018,9
181-270,0,,,,Ensemble_4model_tuned,2018,9
271-365,0,,,,Ensemble_4model_tuned,2018,9
1-7,0,,,,RF_tuned,2019,2
8-30,0,,,,RF_tuned,2019,2
31-90,0,,,,RF_tuned,2019,2
91-180,0,,,,RF_tuned,2019,2
181-270,0,,,,RF_tuned,2019,2
271-365,0,,,,RF_tuned,2019,2
1-7,0,,,,XGB_tuned,2019,2
8-30,0,,,,XGB_tuned,2019,2
31-90,0,,,,XGB_tuned,2019,2
91-180,0,,,,XGB_tuned,2019,2
181-270,0,,,,XGB_tuned,2019,2
271-365,0,,,,XGB_tuned,2019,2
1-7,0,,,,LightGBM_tuned,2019,2
8-30,0,,,,LightGBM_tuned,2019,2
31-90,0,,,,LightGBM_tuned,2019,2
91-180,0,,,,LightGBM_tuned,2019,2
181-270,0,,,,LightGBM_tuned,2019,2
271-365,0,,,,LightGBM_tuned,2019,2
1-7,0,,,,SARIMAX,2019,2
8-30,0,,,,SARIMAX,2019,2
31-90,0,,,,SARIMAX,2019,2
91-180,0,,,,SARIMAX,2019,2
181-270,0,,,,SARIMAX,2019,2
271-365,0,,,,SARIMAX,2019,2
1-7,0,,,,Ensemble_4model_tuned,2019,2
8-30,0,,,,Ensemble_4model_tuned,2019,2
31-90,0,,,,Ensemble_4model_tuned,2019,2
91-180,0,,,,Ensemble_4model_tuned,2019,2
181-270,0,,,,Ensemble_4model_tuned,2019,2
271-365,0,,,,Ensemble_4model_tuned,2019,2
1-7,0,,,,RF_tuned,2019,4
8-30,8,-3.715,61.289,1.6027,RF_tuned,2019,4
31-90,32,-0.475,21.381,0.977,RF_tuned,2019,4
91-180,62,0.175,49.359,0.6491,RF_tuned,2019,4
181-270,61,0.521,18.902,0.671,RF_tuned,2019,4
271-365,66,0.151,21.162,0.8002,RF_tuned,2019,4
1-7,0,,,,XGB_tuned,2019,4
8-30,8,-3.319,57.59,1.506,XGB_tuned,2019,4
31-90,32,-0.343,19.719,0.9011,XGB_tuned,2019,4
91-180,62,0.21,49.481,0.6507,XGB_tuned,2019,4
181-270,61,0.491,19.13,0.6791,XGB_tuned,2019,4
271-365,66,0.124,20.793,0.7863,XGB_tuned,2019,4
1-7,0,,,,LightGBM_tuned,2019,4
8-30,8,-2.126,46.698,1.2211,LightGBM_tuned,2019,4
31-90,32,-0.106,16.913,0.7729,LightGBM_tuned,2019,4
91-180,62,0.177,50.721,0.667,LightGBM_tuned,2019,4
181-270,61,0.592,16.413,0.5827,LightGBM_tuned,2019,4
271-365,66,0.193,20.315,0.7682,LightGBM_tuned,2019,4
1-7,0,,,,SARIMAX,2019,4
8-30,8,-2.528,51.76,1.3535,SARIMAX,2019,4
31-90,32,-0.037,17.857,0.816,SARIMAX,2019,4
91-180,62,0.224,53.891,0.7087,SARIMAX,2019,4
181-270,61,0.415,19.317,0.6858,SARIMAX,2019,4
271-365,66,0.16,22.618,0.8553,SARIMAX,2019,4
1-7,0,,,,Ensemble_4model_tuned,2019,4
8-30,8,-2.889,54.334,1.4208,Ensemble_4model_tuned,2019,4
31-90,32,-0.146,17.838,0.8151,Ensemble_4model_tuned,2019,4
91-180,62,0.214,50.335,0.662,Ensemble_4model_tuned,2019,4
181-270,61,0.556,17.32,0.6149,Ensemble_4model_tuned,2019,4
271-365,66,0.178,19.863,0.7511,Ensemble_4model_tuned,2019,4
1-7,0,,,,RF_tuned,2019,9
8-30,0,,,,RF_tuned,2019,9
31-90,16,-0.714,21.908,1.325,RF_tuned,2019,9
91-180,81,0.277,43.968,0.775,RF_tuned,2019,9
181-270,49,0.008,45.066,1.167,RF_tuned,2019,9
271-365,49,0.091,56.819,0.8018,RF_tuned,2019,9
1-7,0,,,,XGB_tuned,2019,9
8-30,0,,,,XGB_tuned,2019,9
31-90,16,-0.771,21.415,1.2952,XGB_tuned,2019,9
91-180,81,0.258,44.582,0.7858,XGB_tuned,2019,9
181-270,49,0.03,43.679,1.1311,XGB_tuned,2019,9
271-365,49,0.079,57.729,0.8147,XGB_tuned,2019,9
1-7,0,,,,LightGBM_tuned,2019,9
8-30,0,,,,LightGBM_tuned,2019,9
31-90,16,-2.446,28.169,1.7037,LightGBM_tuned,2019,9
91-180,81,0.264,45.933,0.8096,LightGBM_tuned,2019,9
181-270,49,0.149,40.639,1.0523,LightGBM_tuned,2019,9
271-365,49,0.155,56.037,0.7908,LightGBM_tuned,2019,9
1-7,0,,,,SARIMAX,2019,9
8-30,0,,,,SARIMAX,2019,9
31-90,16,-0.109,15.279,0.9241,SARIMAX,2019,9
91-180,81,0.328,40.103,0.7069,SARIMAX,2019,9
181-270,49,0.143,37.473,0.9704,SARIMAX,2019,9
271-365,49,0.096,56.631,0.7992,SARIMAX,2019,9
1-7,0,,,,Ensemble_4model_tuned,2019,9
8-30,0,,,,Ensemble_4model_tuned,2019,9
31-90,16,-0.69,21.268,1.2863,Ensemble_4model_tuned,2019,9
91-180,81,0.305,42.994,0.7578,Ensemble_4model_tuned,2019,9
181-270,49,0.114,39.77,1.0298,Ensemble_4model_tuned,2019,9
271-365,49,0.116,54.783,0.7731,Ensemble_4model_tuned,2019,9
1-7,0,,,,RF_tuned,2020,2
8-30,0,,,,RF_tuned,2020,2
31-90,0,,,,RF_tuned,2020,2
91-180,0,,,,RF_tuned,2020,2
181-270,0,,,,RF_tuned,2020,2
271-365,0,,,,RF_tuned,2020,2
1-7,0,,,,XGB_tuned,2020,2
8-30,0,,,,XGB_tuned,2020,2
31-90,0,,,,XGB_tuned,2020,2
91-180,0,,,,XGB_tuned,2020,2
181-270,0,,,,XGB_tuned,2020,2
271-365,0,,,,XGB_tuned,2020,2
1-7,0,,,,LightGBM_tuned,2020,2
8-30,0,,,,LightGBM_tuned,2020,2
31-90,0,,,,LightGBM_tuned,2020,2
91-180,0,,,,LightGBM_tuned,2020,2
181-270,0,,,,LightGBM_tuned,2020,2
271-365,0,,,,LightGBM_tuned,2020,2
1-7,0,,,,SARIMAX,2020,2
8-30,0,,,,SARIMAX,2020,2
31-90,0,,,,SARIMAX,2020,2
91-180,0,,,,SARIMAX,2020,2
181-270,0,,,,SARIMAX,2020,2
271-365,0,,,,SARIMAX,2020,2
1-7,0,,,,Ensemble_4model_tuned,2020,2
8-30,0,,,,Ensemble_4model_tuned,2020,2
31-90,0,,,,Ensemble_4model_tuned,2020,2
91-180,0,,,,Ensemble_4model_tuned,2020,2
181-270,0,,,,Ensemble_4model_tuned,2020,2
271-365,0,,,,Ensemble_4model_tuned,2020,2
1-7,4,-5.42,17.55,1.5594,RF_tuned,2020,4
8-30,21,-0.973,17.806,1.4088,RF_tuned,2020,4
31-90,37,-0.087,31.193,1.1806,RF_tuned,2020,4
91-180,42,-0.064,17.907,1.0594,RF_tuned,2020,4
181-270,79,0.084,49.766,0.9761,RF_tuned,2020,4
271-365,80,0.189,37.379,0.9532,RF_tuned,2020,4
1-7,4,-5.762,18.166,1.6141,XGB_tuned,2020,4
8-30,21,-0.686,15.683,1.2408,XGB_tuned,2020,4
31-90,37,-0.136,31.338,1.1861,XGB_tuned,2020,4
91-180,42,0.058,16.392,0.9697,XGB_tuned,2020,4
181-270,79,0.128,48.128,0.944,XGB_tuned,2020,4
271-365,80,0.145,39.781,1.0145,XGB_tuned,2020,4
1-7,4,-5.419,16.455,1.4621,LightGBM_tuned,2020,4
8-30,21,-0.318,12.948,1.0245,LightGBM_tuned,2020,4
31-90,37,-0.114,31.066,1.1758,LightGBM_tuned,2020,4
91-180,42,0.088,16.572,0.9804,LightGBM_tuned,2020,4
181-270,79,0.125,47.971,0.9409,LightGBM_tuned,2020,4
271-365,80,0.158,35.565,0.907,LightGBM_tuned,2020,4
1-7,4,-1.81,9.817,0.8723,SARIMAX,2020,4
8-30,21,0.233,9.833,0.778,SARIMAX,2020,4
31-90,37,-0.03,26.398,0.9991,SARIMAX,2020,4
91-180,42,-0.054,18.373,1.0869,SARIMAX,2020,4
181-270,79,0.087,52.436,1.0285,SARIMAX,2020,4
271-365,80,0.135,41.228,1.0514,SARIMAX,2020,4
1-7,4,-4.314,15.426,1.3706,Ensemble_4model_tuned,2020,4
8-30,21,-0.288,12.64,1.0001,Ensemble_4model_tuned,2020,4
31-90,37,-0.076,29.72,1.1248,Ensemble_4model_tuned,2020,4
91-180,42,0.079,16.786,0.993,Ensemble_4model_tuned,2020,4
181-270,79,0.114,49.025,0.9616,Ensemble_4model_tuned,2020,4
271-365,80,0.162,37.119,0.9466,Ensemble_4model_tuned,2020,4
1-7,4,-54.299,27.356,1.1203,RF_tuned,2020,9
8-30,19,-0.009,59.001,0.9575,RF_tuned,2020,9
31-90,24,-2.415,22.68,1.0882,RF_tuned,2020,9
91-180,57,-0.261,17.298,0.9354,RF_tuned,2020,9
181-270,64,0.123,62.586,1.0211,RF_tuned,2020,9
271-365,86,0.092,33.179,0.9575,RF_tuned,2020,9
1-7,4,-54.421,27.361,1.1205,XGB_tuned,2020,9
8-30,19,0.015,58.974,0.9571,XGB_tuned,2020,9
31-90,24,-3.216,23.65,1.1347,XGB_tuned,2020,9
91-180,57,-0.213,16.801,0.9086,XGB_tuned,2020,9
181-270,64,0.171,59.504,0.9708,XGB_tuned,2020,9
271-365,86,0.107,32.741,0.9448,XGB_tuned,2020,9
1-7,4,-49.262,25.403,1.0403,LightGBM_tuned,2020,9
8-30,19,0.042,60.918,0.9886,LightGBM_tuned,2020,9
31-90,24,-4.349,26.929,1.2921,LightGBM_tuned,2020,9
91-180,57,-0.408,17.807,0.9629,LightGBM_tuned,2020,9
181-270,64,0.232,58.097,0.9479,LightGBM_tuned,2020,9
271-365,86,0.104,30.168,0.8706,LightGBM_tuned,2020,9
1-7,4,-46.085,21.494,0.8802,SARIMAX,2020,9
8-30,19,-0.081,60.957,0.9892,SARIMAX,2020,9
31-90,24,-0.794,14.621,0.7015,SARIMAX,2020,9
91-180,57,-0.152,15.38,0.8317,SARIMAX,2020,9
181-270,64,0.214,56.612,0.9237,SARIMAX,2020,9
271-365,86,0.004,32.356,0.9337,SARIMAX,2020,9
1-7,4,-47.697,25.403,1.0403,Ensemble_4model_tuned,2020,9
8-30,19,-0.002,57.877,0.9393,Ensemble_4model_tuned,2020,9
31-90,24,-2.278,20.313,0.9746,Ensemble_4model_tuned,2020,9
91-180,57,-0.166,15.887,0.8591,Ensemble_4model_tuned,2020,9
181-270,64,0.193,58.367,0.9523,Ensemble_4model_tuned,2020,9
271-365,86,0.096,31.183,0.8999,Ensemble_4model_tuned,2020,9
1-7,0,,,,RF_tuned,2021,2
8-30,0,,,,RF_tuned,2021,2
31-90,0,,,,RF_tuned,2021,2
91-180,0,,,,RF_tuned,2021,2
181-270,0,,,,RF_tuned,2021,2
271-365,0,,,,RF_tuned,2021,2
1-7,0,,,,XGB_tuned,2021,2
8-30,0,,,,XGB_tuned,2021,2
31-90,0,,,,XGB_tuned,2021,2
91-180,0,,,,XGB_tuned,2021,2
181-270,0,,,,XGB_tuned,2021,2
271-365,0,,,,XGB_tuned,2021,2
1-7,0,,,,LightGBM_tuned,2021,2
8-30,0,,,,LightGBM_tuned,2021,2
31-90,0,,,,LightGBM_tuned,2021,2
91-180,0,,,,LightGBM_tuned,2021,2
181-270,0,,,,LightGBM_tuned,2021,2
271-365,0,,,,LightGBM_tuned,2021,2
1-7,0,,,,SARIMAX,2021,2
8-30,0,,,,SARIMAX,2021,2
31-90,0,,,,SARIMAX,2021,2
91-180,0,,,,SARIMAX,2021,2
181-270,0,,,,SARIMAX,2021,2
271-365,0,,,,SARIMAX,2021,2
1-7,0,,,,Ensemble_4model_tuned,2021,2
8-30,0,,,,Ensemble_4model_tuned,2021,2
31-90,0,,,,Ensemble_4model_tuned,2021,2
91-180,0,,,,Ensemble_4model_tuned,2021,2
181-270,0,,,,Ensemble_4model_tuned,2021,2
271-365,0,,,,Ensemble_4model_tuned,2021,2
1-7,3,-3.367,4.025,1.6215,RF_tuned,2021,4
8-30,19,-0.554,16.868,1.3272,RF_tuned,2021,4
31-90,50,-0.179,17.76,1.3677,RF_tuned,2021,4
91-180,90,0.189,53.296,0.8213,RF_tuned,2021,4
181-270,88,0.254,66.912,0.9867,RF_tuned,2021,4
271-365,91,-0.532,32.514,1.5608,RF_tuned,2021,4
1-7,3,-1.534,3.203,1.2902,XGB_tuned,2021,4
8-30,19,-0.332,15.867,1.2485,XGB_tuned,2021,4
31-90,50,-0.19,17.477,1.3459,XGB_tuned,2021,4
91-180,90,0.157,53.827,0.8295,XGB_tuned,2021,4
181-270,88,0.303,64.948,0.9578,XGB_tuned,2021,4
271-365,91,-0.23,28.561,1.371,XGB_tuned,2021,4
1-7,3,-5.294,5.689,2.2921,LightGBM_tuned,2021,4
8-30,19,-0.738,18.031,1.4188,LightGBM_tuned,2021,4
31-90,50,-0.215,16.848,1.2975,LightGBM_tuned,2021,4
91-180,90,0.225,52.369,0.807,LightGBM_tuned,2021,4
181-270,88,0.372,62.513,0.9219,LightGBM_tuned,2021,4
271-365,91,-0.446,31.611,1.5174,LightGBM_tuned,2021,4
1-7,3,-7.615,6.221,2.5062,SARIMAX,2021,4
8-30,19,-0.012,12.97,1.0206,SARIMAX,2021,4
31-90,50,0.03,13.487,1.0386,SARIMAX,2021,4
91-180,90,0.118,58.216,0.8971,SARIMAX,2021,4
181-270,88,0.214,65.07,0.9596,SARIMAX,2021,4
271-365,91,-0.34,29.402,1.4114,SARIMAX,2021,4
1-7,3,-4.007,4.552,1.8341,Ensemble_4model_tuned,2021,4
8-30,19,-0.317,15.387,1.2107,Ensemble_4model_tuned,2021,4
31-90,50,-0.086,16.178,1.2458,Ensemble_4model_tuned,2021,4
91-180,90,0.179,54.127,0.8341,Ensemble_4model_tuned,2021,4
181-270,88,0.306,64.285,0.948,Ensemble_4model_tuned,2021,4
271-365,91,-0.332,30.244,1.4518,Ensemble_4model_tuned,2021,4
1-7,1,,,,RF_tuned,2021,9
8-30,12,-0.401,18.349,0.7324,RF_tuned,2021,9
31-90,35,-0.55,16.52,0.6869,RF_tuned,2021,9
91-180,85,0.213,53.14,0.6872,RF_tuned,2021,9
181-270,47,0.078,44.688,0.9596,RF_tuned,2021,9
271-365,0,,,,RF_tuned,2021,9
1-7,1,,,,XGB_tuned,2021,9
8-30,12,-0.388,18.062,0.721,XGB_tuned,2021,9
31-90,35,-0.493,16.283,0.6771,XGB_tuned,2021,9
91-180,85,0.232,53.629,0.6936,XGB_tuned,2021,9
181-270,47,-0.082,46.333,0.9949,XGB_tuned,2021,9
271-365,0,,,,XGB_tuned,2021,9
1-7,1,,,,LightGBM_tuned,2021,9
8-30,12,-0.177,16.291,0.6503,LightGBM_tuned,2021,9
31-90,35,-0.601,17.003,0.707,LightGBM_tuned,2021,9
91-180,85,0.143,55.153,0.7133,LightGBM_tuned,2021,9
181-270,47,0.056,43.879,0.9422,LightGBM_tuned,2021,9
271-365,0,,,,LightGBM_tuned,2021,9
1-7,1,,,,SARIMAX,2021,9
8-30,12,-1.633,24.459,0.9763,SARIMAX,2021,9
31-90,35,-2.79,24.029,0.9992,SARIMAX,2021,9
91-180,85,0.021,62.79,0.812,SARIMAX,2021,9
181-270,47,-0.193,47.075,1.0108,SARIMAX,2021,9
271-365,0,,,,SARIMAX,2021,9
1-7,1,,,,Ensemble_4model_tuned,2021,9
8-30,12,-0.048,13.478,0.538,Ensemble_4model_tuned,2021,9
31-90,35,-0.121,11.638,0.4839,Ensemble_4model_tuned,2021,9
91-180,85,0.174,52.866,0.6837,Ensemble_4model_tuned,2021,9
181-270,47,0.013,43.425,0.9325,Ensemble_4model_tuned,2021,9
271-365,0,,,,Ensemble_4model_tuned,2021,9
1-7,0,,,,RF_tuned,2022,2
8-30,0,,,,RF_tuned,2022,2
31-90,0,,,,RF_tuned,2022,2
91-180,0,,,,RF_tuned,2022,2
181-270,0,,,,RF_tuned,2022,2
271-365,0,,,,RF_tuned,2022,2
1-7,0,,,,XGB_tuned,2022,2
8-30,0,,,,XGB_tuned,2022,2
31-90,0,,,,XGB_tuned,2022,2
91-180,0,,,,XGB_tuned,2022,2
181-270,0,,,,XGB_tuned,2022,2
271-365,0,,,,XGB_tuned,2022,2
1-7,0,,,,LightGBM_tuned,2022,2
8-30,0,,,,LightGBM_tuned,2022,2
31-90,0,,,,LightGBM_tuned,2022,2
91-180,0,,,,LightGBM_tuned,2022,2
181-270,0,,,,LightGBM_tuned,2022,2
271-365,0,,,,LightGBM_tuned,2022,2
1-7,0,,,,SARIMAX,2022,2
8-30,0,,,,SARIMAX,2022,2
31-90,0,,,,SARIMAX,2022,2
91-180,0,,,,SARIMAX,2022,2
181-270,0,,,,SARIMAX,2022,2
271-365,0,,,,SARIMAX,2022,2
1-7,0,,,,Ensemble_4model_tuned,2022,2
8-30,0,,,,Ensemble_4model_tuned,2022,2
31-90,0,,,,Ensemble_4model_tuned,2022,2
91-180,0,,,,Ensemble_4model_tuned,2022,2
181-270,0,,,,Ensemble_4model_tuned,2022,2
271-365,0,,,,Ensemble_4model_tuned,2022,2
1-7,0,,,,RF_tuned,2022,4
8-30,0,,,,RF_tuned,2022,4
31-90,1,,,,RF_tuned,2022,4
91-180,75,0.005,26.494,1.2218,RF_tuned,2022,4
181-270,74,0.04,41.723,1.1726,RF_tuned,2022,4
271-365,74,0.134,23.161,1.0242,RF_tuned,2022,4
1-7,0,,,,XGB_tuned,2022,4
8-30,0,,,,XGB_tuned,2022,4
31-90,1,,,,XGB_tuned,2022,4
91-180,75,0.102,24.7,1.1391,XGB_tuned,2022,4
181-270,74,0.057,40.545,1.1395,XGB_tuned,2022,4
271-365,74,0.101,24.391,1.0786,XGB_tuned,2022,4
1-7,0,,,,LightGBM_tuned,2022,4
8-30,0,,,,LightGBM_tuned,2022,4
31-90,1,,,,LightGBM_tuned,2022,4
91-180,75,0.156,22.456,1.0355,LightGBM_tuned,2022,4
181-270,74,0.053,41.063,1.1541,LightGBM_tuned,2022,4
271-365,74,0.19,20.837,0.9214,LightGBM_tuned,2022,4
1-7,0,,,,SARIMAX,2022,4
8-30,0,,,,SARIMAX,2022,4
31-90,1,,,,SARIMAX,2022,4
91-180,75,0.235,22.491,1.0372,SARIMAX,2022,4
181-270,74,0.034,41.129,1.1559,SARIMAX,2022,4
271-365,74,-0.056,24.989,1.1051,SARIMAX,2022,4
1-7,0,,,,Ensemble_4model_tuned,2022,4
8-30,0,,,,Ensemble_4model_tuned,2022,4
31-90,1,,,,Ensemble_4model_tuned,2022,4
91-180,75,0.142,23.753,1.0954,Ensemble_4model_tuned,2022,4
181-270,74,0.061,40.88,1.1489,Ensemble_4model_tuned,2022,4
271-365,74,0.146,22.703,1.004,Ensemble_4model_tuned,2022,4
1-7,0,,,,RF_tuned,2022,9
8-30,0,,,,RF_tuned,2022,9
31-90,14,-0.525,13.822,1.0798,RF_tuned,2022,9
91-180,84,-0.941,21.339,1.3889,RF_tuned,2022,9
181-270,84,-0.221,44.877,1.1882,RF_tuned,2022,9
271-365,89,0.106,30.784,1.0171,RF_tuned,2022,9
1-7,0,,,,XGB_tuned,2022,9
8-30,0,,,,XGB_tuned,2022,9
31-90,14,-1.01,16.849,1.3163,XGB_tuned,2022,9
91-180,84,-0.904,21.082,1.3721,XGB_tuned,2022,9
181-270,84,-0.152,43.351,1.1478,XGB_tuned,2022,9
271-365,89,0.109,30.835,1.0188,XGB_tuned,2022,9
1-7,0,,,,LightGBM_tuned,2022,9
8-30,0,,,,LightGBM_tuned,2022,9
31-90,14,-0.324,13.199,1.0312,LightGBM_tuned,2022,9
91-180,84,-0.621,19.162,1.2472,LightGBM_tuned,2022,9
181-270,84,-0.384,47.585,1.2599,LightGBM_tuned,2022,9
271-365,89,0.059,30.817,1.0182,LightGBM_tuned,2022,9
1-7,0,,,,SARIMAX,2022,9
8-30,0,,,,SARIMAX,2022,9
31-90,14,-1.252,21.065,1.6457,SARIMAX,2022,9
91-180,84,-0.314,16.103,1.0481,SARIMAX,2022,9
181-270,84,-0.042,39.054,1.034,SARIMAX,2022,9
271-365,89,0.064,29.299,0.968,SARIMAX,2022,9
1-7,0,,,,Ensemble_4model_tuned,2022,9
8-30,0,,,,Ensemble_4model_tuned,2022,9
31-90,14,-0.4,13.842,1.0814,Ensemble_4model_tuned,2022,9
91-180,84,-0.426,17.37,1.1306,Ensemble_4model_tuned,2022,9
181-270,84,-0.159,43.085,1.1408,Ensemble_4model_tuned,2022,9
271-365,89,0.108,29.778,0.9839,Ensemble_4model_tuned,2022,9
