anchor_year,eval_tower,model,feature,mean_abs_shap
2018,pooled,RF,fx_lsu_dens,14.203257223806517
2018,pooled,RF,ar_ch4_dlag1,6.152266195270318
2018,pooled,RF,ar_ch4_drm7,2.798269271313231
2018,pooled,RF,ar_ch4_dlag2,1.4242558980607263
2018,pooled,RF,fx_PRECIP_sum,1.3028622887626962
2018,pooled,RF,fx_USTAR_mean,1.0605643946889445
2018,pooled,RF,fx_TS_lag28,0.8643520071592461
2018,pooled,RF,fx_WS_mean,0.8503397067557132
2018,pooled,RF,fx_grazing_active,0.5850938922659913
2018,pooled,RF,fx_wd_sin,0.563040809696975
2018,pooled,RF,ar_ch4_dlag3,0.49301034931524046
2018,pooled,RF,fx_VPD_mean,0.36689427293480675
2018,pooled,RF,fx_DOY_cos,0.35116431969385625
2018,pooled,RF,fx_TS_lag21,0.3025723852019364
2018,pooled,RF,fx_TS_roll14,0.2948744562205865
2018,pooled,RF,fx_TS_lag14,0.2928486110161775
2018,pooled,RF,fx_TS_lag7,0.2796273885471522
2018,pooled,RF,fx_days_since_grazing,0.25337787955694185
2018,pooled,RF,fx_SWC_roll7,0.22956213674210033
2018,pooled,RF,fx_TA_max,0.22890027067071259
2018,pooled,RF,fx_TA_mean,0.21110189603195206
2018,pooled,RF,fx_SHF_mean,0.20180660283047738
2018,pooled,RF,fx_SWC_mean,0.20029319719992877
2018,pooled,RF,fx_wd_cos,0.18788299758467522
2018,pooled,RF,fx_SWC_lag28,0.1663283129756019
2018,pooled,RF,ar_ch4_dlag14,0.16148229026752556
2018,pooled,RF,fx_DOY_sin,0.155395320461009
2018,pooled,RF,fx_RN_mean,0.1530991566495733
2018,pooled,RF,fx_SWIN_mean,0.15234968992430067
2018,pooled,RF,fx_TA_min,0.1462601193381689
2018,pooled,RF,fx_PPFD_mean,0.1363368669741181
2018,pooled,RF,fx_SWC_roll14,0.136112383306174
2018,pooled,RF,fx_SWC_lag21,0.11651988278796889
2018,pooled,RF,is_t9,0.11433121216452236
2018,pooled,RF,ar_ch4_dlag7,0.1130395386508151
2018,pooled,RF,fx_TS_mean,0.10734506488697343
2018,pooled,RF,fx_TS_roll7,0.10460058618936158
2018,pooled,RF,fx_SWC_lag7,0.10355077780298408
2018,pooled,RF,ar_fc_dlag1,0.09420897726695988
2018,pooled,RF,fx_SWC_lag14,0.08137635618810977
2018,pooled,RF,is_t4,0.06637078377526784
2018,pooled,RF,fx_is_growing,0.06287198284273278
2018,pooled,RF,is_t2,0.04972044841118742
2018,pooled,RF,fx_is_winter,0.001772349232893944
2018,pooled,XGB,fx_lsu_dens,13.9677152633667
2018,pooled,XGB,ar_ch4_dlag1,7.551244258880615
2018,pooled,XGB,ar_ch4_drm7,1.9244391918182373
2018,pooled,XGB,fx_PRECIP_sum,1.476642370223999
2018,pooled,XGB,fx_TS_lag28,1.2288994789123535
2018,pooled,XGB,ar_ch4_dlag2,1.2083724737167358
2018,pooled,XGB,fx_WS_mean,1.1849403381347656
2018,pooled,XGB,fx_wd_sin,0.9549576640129089
2018,pooled,XGB,fx_USTAR_mean,0.9234808683395386
2018,pooled,XGB,fx_TA_max,0.8167282938957214
2018,pooled,XGB,fx_TS_lag21,0.6799898147583008
2018,pooled,XGB,fx_VPD_mean,0.5168531537055969
2018,pooled,XGB,ar_ch4_dlag3,0.4681217670440674
2018,pooled,XGB,fx_TS_lag14,0.44679296016693115
2018,pooled,XGB,is_t9,0.40075066685676575
2018,pooled,XGB,fx_TA_mean,0.3810441792011261
2018,pooled,XGB,fx_TS_lag7,0.3140738010406494
2018,pooled,XGB,ar_fc_dlag1,0.29764455556869507
2018,pooled,XGB,is_t4,0.27167990803718567
2018,pooled,XGB,fx_wd_cos,0.2099904716014862
2018,pooled,XGB,fx_TS_roll14,0.2049281746149063
2018,pooled,XGB,fx_SWC_lag28,0.16518422961235046
2018,pooled,XGB,fx_SHF_mean,0.15137925744056702
2018,pooled,XGB,fx_DOY_cos,0.14575441181659698
2018,pooled,XGB,ar_ch4_dlag14,0.14416219294071198
2018,pooled,XGB,fx_PPFD_mean,0.13283413648605347
2018,pooled,XGB,fx_RN_mean,0.1284213662147522
2018,pooled,XGB,fx_SWC_lag21,0.11605892330408096
2018,pooled,XGB,fx_TA_min,0.09530249983072281
2018,pooled,XGB,fx_SWC_lag7,0.09038713574409485
2018,pooled,XGB,fx_DOY_sin,0.08478114753961563
2018,pooled,XGB,fx_SWC_roll14,0.07256610691547394
2018,pooled,XGB,fx_TS_mean,0.07095611095428467
2018,pooled,XGB,fx_days_since_grazing,0.06156294420361519
2018,pooled,XGB,fx_SWC_mean,0.06063060835003853
2018,pooled,XGB,fx_grazing_active,0.051590513437986374
2018,pooled,XGB,fx_SWC_roll7,0.04245688021183014
2018,pooled,XGB,fx_TS_roll7,0.03778230398893356
2018,pooled,XGB,ar_ch4_dlag7,0.029014326632022858
2018,pooled,XGB,fx_SWIN_mean,0.02807210199534893
2018,pooled,XGB,fx_SWC_lag14,0.027150677517056465
2018,pooled,XGB,fx_is_growing,0.0
2018,pooled,XGB,fx_is_winter,0.0
2018,pooled,XGB,is_t2,0.0
2018,pooled,LightGBM,fx_lsu_dens,15.335316364751062
2018,pooled,LightGBM,ar_ch4_dlag1,7.133535540401352
2018,pooled,LightGBM,ar_ch4_drm7,2.097248602619446
2018,pooled,LightGBM,fx_TS_lag28,1.57923139690452
2018,pooled,LightGBM,fx_PRECIP_sum,1.412448526732014
2018,pooled,LightGBM,fx_TS_lag21,1.3465900927863728
2018,pooled,LightGBM,fx_USTAR_mean,1.1951229726848687
2018,pooled,LightGBM,ar_ch4_dlag2,1.1906639755829198
2018,pooled,LightGBM,fx_wd_sin,1.145011149859974
2018,pooled,LightGBM,fx_WS_mean,1.0865764815481334
2018,pooled,LightGBM,ar_ch4_dlag3,0.8618977924381288
2018,pooled,LightGBM,fx_TA_max,0.6797385181391445
2018,pooled,LightGBM,fx_TS_lag14,0.5255000213121049
2018,pooled,LightGBM,fx_VPD_mean,0.49173953139855014
2018,pooled,LightGBM,is_t9,0.4684312366232531
2018,pooled,LightGBM,fx_TA_mean,0.45008138790350494
2018,pooled,LightGBM,fx_TS_lag7,0.44379634611568436
2018,pooled,LightGBM,fx_TS_mean,0.3746522651102038
2018,pooled,LightGBM,ar_fc_dlag1,0.36429234146937156
2018,pooled,LightGBM,fx_TS_roll14,0.34590269082670855
2018,pooled,LightGBM,fx_TS_roll7,0.32623558200690483
2018,pooled,LightGBM,fx_DOY_cos,0.30753621037339957
2018,pooled,LightGBM,fx_PPFD_mean,0.2799158548526851
2018,pooled,LightGBM,is_t4,0.2629020572985777
2018,pooled,LightGBM,fx_days_since_grazing,0.23360412956302928
2018,pooled,LightGBM,ar_ch4_dlag14,0.23167527387163933
2018,pooled,LightGBM,fx_TA_min,0.22032902953562084
2018,pooled,LightGBM,fx_SWC_roll7,0.20304339357935028
2018,pooled,LightGBM,fx_SHF_mean,0.20228584274860892
2018,pooled,LightGBM,fx_wd_cos,0.19439538146673066
2018,pooled,LightGBM,fx_SWC_mean,0.17866637680734374
2018,pooled,LightGBM,fx_SWC_lag21,0.1521871575231189
2018,pooled,LightGBM,fx_SWIN_mean,0.1379349140104434
2018,pooled,LightGBM,fx_SWC_lag14,0.13254413037719948
2018,pooled,LightGBM,fx_SWC_lag28,0.12100874539427962
2018,pooled,LightGBM,fx_RN_mean,0.11716603350283648
2018,pooled,LightGBM,fx_SWC_lag7,0.09154340707176008
2018,pooled,LightGBM,fx_SWC_roll14,0.05199637133157484
2018,pooled,LightGBM,fx_DOY_sin,0.046209607176365575
2018,pooled,LightGBM,ar_ch4_dlag7,0.04239162664545999
2018,pooled,LightGBM,is_t2,0.03951082013154707
2018,pooled,LightGBM,fx_is_growing,0.0
2018,pooled,LightGBM,fx_grazing_active,0.0
2018,pooled,LightGBM,fx_is_winter,0.0
2019,pooled,RF,fx_lsu_dens,13.329271199868499
2019,pooled,RF,ar_ch4_dlag1,7.418470888691071
2019,pooled,RF,ar_ch4_drm7,2.7438304486558778
2019,pooled,RF,fx_USTAR_mean,1.2235709683121065
2019,pooled,RF,ar_ch4_dlag2,1.1076638221371744
2019,pooled,RF,fx_PRECIP_sum,1.069680818098347
2019,pooled,RF,fx_TS_lag28,1.0371217440608518
2019,pooled,RF,fx_WS_mean,0.9277847885005487
2019,pooled,RF,fx_wd_sin,0.5853688731531069
2019,pooled,RF,ar_ch4_dlag3,0.5728482915681834
2019,pooled,RF,fx_VPD_mean,0.4876721747172921
2019,pooled,RF,fx_TS_lag21,0.48422809772892583
2019,pooled,RF,fx_DOY_cos,0.38550806043651115
2019,pooled,RF,fx_TS_lag14,0.29395562561133043
2019,pooled,RF,fx_grazing_active,0.26385912178002335
2019,pooled,RF,fx_SWC_lag28,0.2013763435709887
2019,pooled,RF,fx_TS_roll14,0.20122264682419672
2019,pooled,RF,fx_TA_mean,0.19512213542756687
2019,pooled,RF,fx_TA_max,0.1907048549619338
2019,pooled,RF,fx_wd_cos,0.17335412631885902
2019,pooled,RF,fx_SWIN_mean,0.1634404452119627
2019,pooled,RF,fx_TA_min,0.1629625076442958
2019,pooled,RF,fx_DOY_sin,0.16171772906142445
2019,pooled,RF,fx_TS_mean,0.1524433645126153
2019,pooled,RF,fx_SWC_roll7,0.14958038796603132
2019,pooled,RF,fx_SHF_mean,0.14883559850184744
2019,pooled,RF,fx_PPFD_mean,0.14524189417043185
2019,pooled,RF,fx_days_since_grazing,0.14484748651622398
2019,pooled,RF,fx_TS_lag7,0.1395779844527928
2019,pooled,RF,fx_SWC_mean,0.13725546679262085
2019,pooled,RF,fx_is_growing,0.12860847102563394
2019,pooled,RF,fx_RN_mean,0.12271305058538592
2019,pooled,RF,fx_SWC_lag21,0.11478866308866452
2019,pooled,RF,fx_TS_roll7,0.11307746253804943
2019,pooled,RF,ar_ch4_dlag7,0.09789393997901094
2019,pooled,RF,ar_ch4_dlag14,0.09758022229024092
2019,pooled,RF,fx_SWC_roll14,0.08898981169046066
2019,pooled,RF,ar_fc_dlag1,0.08864998095501707
2019,pooled,RF,fx_SWC_lag7,0.08824283139712254
2019,pooled,RF,is_t9,0.08788712290282523
2019,pooled,RF,fx_SWC_lag14,0.05098614747315638
2019,pooled,RF,is_t4,0.02702479317945867
2019,pooled,RF,is_t2,0.02104993770690121
2019,pooled,RF,fx_is_winter,0.004626482901770857
2019,pooled,XGB,fx_lsu_dens,13.382115364074707
2019,pooled,XGB,ar_ch4_dlag1,8.07624626159668
2019,pooled,XGB,ar_ch4_drm7,2.131925106048584
2019,pooled,XGB,fx_USTAR_mean,1.2167859077453613
2019,pooled,XGB,fx_wd_sin,1.2064334154129028
2019,pooled,XGB,fx_PRECIP_sum,1.206091284751892
2019,pooled,XGB,fx_TS_lag28,1.1646146774291992
2019,pooled,XGB,fx_WS_mean,1.1012110710144043
2019,pooled,XGB,ar_ch4_dlag2,0.9681174755096436
2019,pooled,XGB,fx_TS_lag21,0.8803772330284119
2019,pooled,XGB,fx_VPD_mean,0.7449682354927063
2019,pooled,XGB,is_t9,0.7184153199195862
2019,pooled,XGB,fx_TA_max,0.643884539604187
2019,pooled,XGB,ar_ch4_dlag3,0.36661413311958313
2019,pooled,XGB,fx_TA_mean,0.34467777609825134
2019,pooled,XGB,fx_TS_lag14,0.33845415711402893
2019,pooled,XGB,ar_fc_dlag1,0.3322775661945343
2019,pooled,XGB,fx_DOY_sin,0.24005793035030365
2019,pooled,XGB,fx_TS_roll14,0.18377187848091125
2019,pooled,XGB,fx_days_since_grazing,0.17069639265537262
2019,pooled,XGB,fx_TA_min,0.1649753600358963
2019,pooled,XGB,fx_SWIN_mean,0.1399732530117035
2019,pooled,XGB,fx_TS_roll7,0.1325652301311493
2019,pooled,XGB,ar_ch4_dlag14,0.11479352414608002
2019,pooled,XGB,fx_TS_lag7,0.10712897777557373
2019,pooled,XGB,fx_SHF_mean,0.10173659026622772
2019,pooled,XGB,fx_PPFD_mean,0.09981976449489594
2019,pooled,XGB,fx_TS_mean,0.0967077761888504
2019,pooled,XGB,fx_SWC_lag21,0.0872189924120903
2019,pooled,XGB,fx_SWC_lag28,0.06100645288825035
2019,pooled,XGB,fx_SWC_lag14,0.05694277957081795
2019,pooled,XGB,fx_RN_mean,0.05200491100549698
2019,pooled,XGB,is_t4,0.05167880281805992
2019,pooled,XGB,fx_grazing_active,0.050621382892131805
2019,pooled,XGB,fx_DOY_cos,0.04573402926325798
2019,pooled,XGB,fx_SWC_lag7,0.03196112439036369
2019,pooled,XGB,fx_wd_cos,0.028918316587805748
2019,pooled,XGB,fx_SWC_roll7,0.028776122257113457
2019,pooled,XGB,fx_SWC_mean,0.02472454123198986
2019,pooled,XGB,ar_ch4_dlag7,0.022374892607331276
2019,pooled,XGB,fx_SWC_roll14,0.01601063832640648
2019,pooled,XGB,fx_is_growing,0.0
2019,pooled,XGB,fx_is_winter,0.0
2019,pooled,XGB,is_t2,0.0
2019,pooled,LightGBM,fx_lsu_dens,14.817529946729108
2019,pooled,LightGBM,ar_ch4_dlag1,8.282554601249986
2019,pooled,LightGBM,ar_ch4_drm7,1.985916657527843
2019,pooled,LightGBM,ar_ch4_dlag2,1.4312819767236393
2019,pooled,LightGBM,fx_wd_sin,1.3862069007364066
2019,pooled,LightGBM,fx_USTAR_mean,1.3541579779402906
2019,pooled,LightGBM,fx_TS_lag21,1.3165305981558035
2019,pooled,LightGBM,fx_PRECIP_sum,1.3062443688450305
2019,pooled,LightGBM,fx_TS_lag28,1.1949292162008411
2019,pooled,LightGBM,fx_WS_mean,0.9868562572361158
2019,pooled,LightGBM,fx_TA_mean,0.7985338142607428
2019,pooled,LightGBM,is_t9,0.7244005513888891
2019,pooled,LightGBM,fx_VPD_mean,0.535950954481446
2019,pooled,LightGBM,ar_ch4_dlag3,0.43760452313853765
2019,pooled,LightGBM,ar_fc_dlag1,0.38525798365496555
2019,pooled,LightGBM,fx_days_since_grazing,0.3662411363969939
2019,pooled,LightGBM,fx_DOY_cos,0.35979228666044183
2019,pooled,LightGBM,fx_TA_max,0.3583942078720396
2019,pooled,LightGBM,fx_RN_mean,0.2704729969415285
2019,pooled,LightGBM,fx_TS_lag7,0.242367790795646
2019,pooled,LightGBM,fx_DOY_sin,0.23800305345654948
2019,pooled,LightGBM,fx_TS_mean,0.23145365214264213
2019,pooled,LightGBM,fx_SWC_lag14,0.2246966553984822
2019,pooled,LightGBM,fx_TS_lag14,0.2238377025220616
2019,pooled,LightGBM,fx_TS_roll14,0.19510227069808597
2019,pooled,LightGBM,fx_SWC_lag7,0.19236725504489352
2019,pooled,LightGBM,fx_SHF_mean,0.16041365455849305
2019,pooled,LightGBM,fx_SWC_roll7,0.15100552450703034
2019,pooled,LightGBM,fx_PPFD_mean,0.14667375644113748
2019,pooled,LightGBM,fx_SWIN_mean,0.12302903861522897
2019,pooled,LightGBM,ar_ch4_dlag14,0.11873633180039105
2019,pooled,LightGBM,fx_TS_roll7,0.09176870657623305
2019,pooled,LightGBM,fx_SWC_lag21,0.0851878504198991
2019,pooled,LightGBM,fx_SWC_roll14,0.07564959607872873
2019,pooled,LightGBM,fx_wd_cos,0.07162353197907385
2019,pooled,LightGBM,fx_SWC_lag28,0.06274524342204454
2019,pooled,LightGBM,fx_SWC_mean,0.061061521512344556
2019,pooled,LightGBM,fx_TA_min,0.05887471761074561
2019,pooled,LightGBM,fx_grazing_active,0.03377979783177031
2019,pooled,LightGBM,fx_is_growing,0.027167704813480787
2019,pooled,LightGBM,ar_ch4_dlag7,0.02586768574135053
2019,pooled,LightGBM,is_t4,0.02001648123445603
2019,pooled,LightGBM,is_t2,0.01940691920364681
2019,pooled,LightGBM,fx_is_winter,0.0
2020,pooled,RF,fx_lsu_dens,14.719991587306735
2020,pooled,RF,ar_ch4_dlag1,8.34937685867067
2020,pooled,RF,ar_ch4_drm7,3.05613816550799
2020,pooled,RF,ar_ch4_dlag2,1.6202286705699127
2020,pooled,RF,fx_USTAR_mean,1.3316201444556344
2020,pooled,RF,fx_WS_mean,1.21116492495161
2020,pooled,RF,fx_TS_lag28,1.10661157566931
2020,pooled,RF,fx_PRECIP_sum,1.0138749374546088
2020,pooled,RF,fx_wd_sin,0.5647395582639926
2020,pooled,RF,ar_ch4_dlag3,0.4941303754303186
2020,pooled,RF,fx_VPD_mean,0.42697868010604795
2020,pooled,RF,fx_TS_lag21,0.41235361147978544
2020,pooled,RF,fx_grazing_active,0.29694431547690847
2020,pooled,RF,fx_TS_lag14,0.24757486629824502
2020,pooled,RF,ar_ch4_dlag7,0.23564108474749976
2020,pooled,RF,fx_days_since_grazing,0.23554496319814988
2020,pooled,RF,fx_SWC_lag28,0.23497933504947346
2020,pooled,RF,fx_DOY_cos,0.2237744417686454
2020,pooled,RF,fx_wd_cos,0.21732239467880018
2020,pooled,RF,fx_SWC_mean,0.21511412113072154
2020,pooled,RF,fx_SWC_roll7,0.210501755098617
2020,pooled,RF,fx_SWIN_mean,0.20797954540902666
2020,pooled,RF,fx_PPFD_mean,0.18923081177534873
2020,pooled,RF,fx_TA_min,0.16228026316964295
2020,pooled,RF,fx_SWC_lag21,0.1599560591423563
2020,pooled,RF,fx_TA_max,0.14509680073884323
2020,pooled,RF,fx_SHF_mean,0.1445439729165557
2020,pooled,RF,fx_TS_roll14,0.1394281232084556
2020,pooled,RF,fx_SWC_roll14,0.13695928316481976
2020,pooled,RF,fx_SWC_lag7,0.12101655038602771
2020,pooled,RF,fx_TA_mean,0.10412533352944602
2020,pooled,RF,fx_TS_lag7,0.10216675147547055
2020,pooled,RF,ar_ch4_dlag14,0.10175231251366046
2020,pooled,RF,ar_fc_dlag1,0.0948684112112469
2020,pooled,RF,fx_RN_mean,0.09205212584901097
2020,pooled,RF,fx_DOY_sin,0.09129290479403684
2020,pooled,RF,fx_TS_mean,0.09063149394854465
2020,pooled,RF,is_t9,0.0859971730588792
2020,pooled,RF,fx_SWC_lag14,0.08155236547030632
2020,pooled,RF,fx_TS_roll7,0.07567250830249578
2020,pooled,RF,fx_is_growing,0.04696218234617926
2020,pooled,RF,is_t4,0.02259653116753843
2020,pooled,RF,is_t2,0.021722216022124513
2020,pooled,RF,fx_is_winter,0.0036959610931835128
2020,pooled,XGB,fx_lsu_dens,15.148344039916992
2020,pooled,XGB,ar_ch4_dlag1,8.548542976379395
2020,pooled,XGB,ar_ch4_drm7,1.977756381034851
2020,pooled,XGB,ar_ch4_dlag2,1.5418224334716797
2020,pooled,XGB,fx_PRECIP_sum,1.3112233877182007
2020,pooled,XGB,fx_USTAR_mean,1.25865638256073
2020,pooled,XGB,fx_WS_mean,1.1213717460632324
2020,pooled,XGB,fx_wd_sin,0.9896573424339294
2020,pooled,XGB,fx_TS_lag28,0.8715341687202454
2020,pooled,XGB,fx_TS_lag21,0.6956294178962708
2020,pooled,XGB,fx_VPD_mean,0.5217207074165344
2020,pooled,XGB,fx_TA_max,0.4293217957019806
2020,pooled,XGB,is_t9,0.336845725774765
2020,pooled,XGB,ar_ch4_dlag3,0.313140332698822
2020,pooled,XGB,ar_fc_dlag1,0.24427059292793274
2020,pooled,XGB,fx_TS_lag14,0.20534487068653107
2020,pooled,XGB,fx_SWC_lag28,0.19129759073257446
2020,pooled,XGB,fx_PPFD_mean,0.17138516902923584
2020,pooled,XGB,fx_TS_roll7,0.12297745048999786
2020,pooled,XGB,ar_ch4_dlag7,0.10960995405912399
2020,pooled,XGB,fx_TA_mean,0.08809580653905869
2020,pooled,XGB,fx_TS_mean,0.08364619314670563
2020,pooled,XGB,fx_SWC_mean,0.08009625226259232
2020,pooled,XGB,fx_TS_lag7,0.07742376625537872
2020,pooled,XGB,fx_TS_roll14,0.07293128967285156
2020,pooled,XGB,fx_DOY_cos,0.06797493249177933
2020,pooled,XGB,fx_SWC_roll14,0.06385321170091629
2020,pooled,XGB,fx_TA_min,0.05842120945453644
2020,pooled,XGB,fx_SHF_mean,0.05364295840263367
2020,pooled,XGB,fx_SWIN_mean,0.053434617817401886
2020,pooled,XGB,ar_ch4_dlag14,0.048450350761413574
2020,pooled,XGB,fx_SWC_lag7,0.04171491414308548
2020,pooled,XGB,fx_days_since_grazing,0.03290681540966034
2020,pooled,XGB,fx_SWC_roll7,0.028687523677945137
2020,pooled,XGB,fx_wd_cos,0.02706582099199295
2020,pooled,XGB,is_t4,0.019538715481758118
2020,pooled,XGB,fx_RN_mean,0.016035987064242363
2020,pooled,XGB,fx_SWC_lag21,0.010005668736994267
2020,pooled,XGB,fx_grazing_active,0.009554940275847912
2020,pooled,XGB,fx_DOY_sin,0.007492679636925459
2020,pooled,XGB,fx_SWC_lag14,0.0
2020,pooled,XGB,fx_is_growing,0.0
2020,pooled,XGB,fx_is_winter,0.0
2020,pooled,XGB,is_t2,0.0
2020,pooled,LightGBM,fx_lsu_dens,16.530075133097775
2020,pooled,LightGBM,ar_ch4_dlag1,8.58379009550354
2020,pooled,LightGBM,ar_ch4_drm7,1.9140083815093076
2020,pooled,LightGBM,fx_PRECIP_sum,1.3736865733428258
2020,pooled,LightGBM,fx_USTAR_mean,1.3575815672736897
2020,pooled,LightGBM,fx_TS_lag21,1.3319319377669134
2020,pooled,LightGBM,fx_WS_mean,1.2981176323977472
2020,pooled,LightGBM,fx_wd_sin,1.2875965065702943
2020,pooled,LightGBM,ar_ch4_dlag2,1.2691641247655154
2020,pooled,LightGBM,fx_TS_lag28,1.2296672461771065
2020,pooled,LightGBM,fx_VPD_mean,0.5978406355151507
2020,pooled,LightGBM,ar_ch4_dlag3,0.4848247939365389
2020,pooled,LightGBM,fx_TA_max,0.4833439362405722
2020,pooled,LightGBM,fx_TS_roll14,0.39241119474461333
2020,pooled,LightGBM,fx_SWC_lag28,0.3720830562060161
2020,pooled,LightGBM,fx_days_since_grazing,0.3710931271901395
2020,pooled,LightGBM,is_t9,0.3677810659920759
2020,pooled,LightGBM,ar_fc_dlag1,0.3008376852325377
2020,pooled,LightGBM,fx_DOY_cos,0.28320035076409045
2020,pooled,LightGBM,fx_wd_cos,0.2797229207959851
2020,pooled,LightGBM,fx_PPFD_mean,0.24765489272883373
2020,pooled,LightGBM,fx_TS_lag14,0.23823647707575502
2020,pooled,LightGBM,fx_SWC_mean,0.22452813537189195
2020,pooled,LightGBM,fx_TS_mean,0.21802040160716146
2020,pooled,LightGBM,fx_RN_mean,0.16156745381348375
2020,pooled,LightGBM,fx_TA_min,0.16014704227625343
2020,pooled,LightGBM,ar_ch4_dlag7,0.1403894017409729
2020,pooled,LightGBM,ar_ch4_dlag14,0.12929603535451908
2020,pooled,LightGBM,fx_SHF_mean,0.12856576756204927
2020,pooled,LightGBM,fx_SWIN_mean,0.11917842131880226
2020,pooled,LightGBM,fx_SWC_lag14,0.11275225803639045
2020,pooled,LightGBM,fx_SWC_roll14,0.11031556425784593
2020,pooled,LightGBM,fx_TS_lag7,0.08834778258233597
2020,pooled,LightGBM,fx_TS_roll7,0.08353040335276636
2020,pooled,LightGBM,fx_DOY_sin,0.07484277145652231
2020,pooled,LightGBM,fx_SWC_lag21,0.06565655597427932
2020,pooled,LightGBM,is_t4,0.0625727679785889
2020,pooled,LightGBM,fx_SWC_lag7,0.05410097808712029
2020,pooled,LightGBM,fx_grazing_active,0.0472358310434977
2020,pooled,LightGBM,fx_SWC_roll7,0.04252816175252784
2020,pooled,LightGBM,fx_TA_mean,0.03988108814146235
2020,pooled,LightGBM,fx_is_growing,0.03136411211247163
2020,pooled,LightGBM,is_t2,0.020279961902768633
2020,pooled,LightGBM,fx_is_winter,0.0
2021,pooled,RF,fx_lsu_dens,12.214935221624655
2021,pooled,RF,ar_ch4_dlag1,7.45409177686157
2021,pooled,RF,ar_ch4_drm7,2.80667712558466
2021,pooled,RF,fx_USTAR_mean,1.9497467393212948
2021,pooled,RF,ar_ch4_dlag2,1.339255180023265
2021,pooled,RF,fx_PRECIP_sum,1.1151258189624127
2021,pooled,RF,fx_WS_mean,1.0122758592298202
2021,pooled,RF,fx_wd_sin,0.6582248857722341
2021,pooled,RF,fx_days_since_grazing,0.6446633768046809
2021,pooled,RF,fx_TS_lag28,0.5574770666886044
2021,pooled,RF,ar_ch4_dlag3,0.5131030376024294
2021,pooled,RF,fx_VPD_mean,0.43577014459128066
2021,pooled,RF,fx_grazing_active,0.30698451133865184
2021,pooled,RF,fx_TS_lag21,0.30559868937006707
2021,pooled,RF,fx_wd_cos,0.2696993286975987
2021,pooled,RF,fx_DOY_cos,0.25251580613402935
2021,pooled,RF,fx_SWC_lag28,0.242075594352651
2021,pooled,RF,fx_SWIN_mean,0.20928190273008038
2021,pooled,RF,ar_ch4_dlag7,0.20689627762929344
2021,pooled,RF,fx_TA_min,0.18377244520696315
2021,pooled,RF,fx_SWC_mean,0.17829512461403485
2021,pooled,RF,fx_PPFD_mean,0.1764765829955612
2021,pooled,RF,fx_TA_max,0.1574935376610347
2021,pooled,RF,fx_SWC_roll7,0.1483097040479305
2021,pooled,RF,fx_TA_mean,0.1481505609322824
2021,pooled,RF,fx_TS_lag14,0.1476094908843551
2021,pooled,RF,fx_SWC_lag21,0.1410343712849797
2021,pooled,RF,fx_SHF_mean,0.1373785428365224
2021,pooled,RF,ar_fc_dlag1,0.12630230035810672
2021,pooled,RF,ar_ch4_dlag14,0.12494531992670994
2021,pooled,RF,fx_DOY_sin,0.1225590296142163
2021,pooled,RF,fx_RN_mean,0.10062244409925715
2021,pooled,RF,fx_TS_mean,0.09797354020760615
2021,pooled,RF,is_t9,0.09658611802830634
2021,pooled,RF,fx_TS_roll14,0.07961178435426446
2021,pooled,RF,fx_TS_lag7,0.078943600480047
2021,pooled,RF,fx_SWC_lag14,0.06807238015747656
2021,pooled,RF,fx_SWC_roll14,0.06731649122687224
2021,pooled,RF,fx_SWC_lag7,0.06293857855161804
2021,pooled,RF,fx_TS_roll7,0.06071699518611544
2021,pooled,RF,is_t4,0.022150811578484284
2021,pooled,RF,is_t2,0.015188885363531418
2021,pooled,RF,fx_is_growing,0.013297159522141626
2021,pooled,RF,fx_is_winter,0.006969299439131485
2021,pooled,XGB,fx_lsu_dens,12.892878532409668
2021,pooled,XGB,ar_ch4_dlag1,7.596970081329346
2021,pooled,XGB,fx_USTAR_mean,1.8484418392181396
2021,pooled,XGB,ar_ch4_drm7,1.8027552366256714
2021,pooled,XGB,fx_PRECIP_sum,1.2561076879501343
2021,pooled,XGB,ar_ch4_dlag2,1.1479867696762085
2021,pooled,XGB,fx_wd_sin,0.9847667217254639
2021,pooled,XGB,fx_days_since_grazing,0.9085013270378113
2021,pooled,XGB,fx_WS_mean,0.574277937412262
2021,pooled,XGB,ar_ch4_dlag3,0.5639074444770813
2021,pooled,XGB,fx_TA_max,0.3498033285140991
2021,pooled,XGB,fx_VPD_mean,0.30771321058273315
2021,pooled,XGB,fx_TS_lag21,0.30148833990097046
2021,pooled,XGB,fx_TS_lag28,0.295925498008728
2021,pooled,XGB,ar_fc_dlag1,0.2473006546497345
2021,pooled,XGB,is_t9,0.23586834967136383
2021,pooled,XGB,fx_SWC_lag28,0.223256453871727
2021,pooled,XGB,fx_TA_min,0.18773646652698517
2021,pooled,XGB,fx_wd_cos,0.17378085851669312
2021,pooled,XGB,fx_TA_mean,0.1592472791671753
2021,pooled,XGB,fx_DOY_cos,0.1360706388950348
2021,pooled,XGB,fx_SHF_mean,0.07974694669246674
2021,pooled,XGB,fx_PPFD_mean,0.06001569330692291
2021,pooled,XGB,ar_ch4_dlag7,0.05874389782547951
2021,pooled,XGB,ar_ch4_dlag14,0.04250142723321915
2021,pooled,XGB,is_t4,0.040528349578380585
2021,pooled,XGB,fx_SWIN_mean,0.040317002683877945
2021,pooled,XGB,fx_TS_roll7,0.03329378366470337
2021,pooled,XGB,fx_TS_roll14,0.031550660729408264
2021,pooled,XGB,fx_RN_mean,0.030358532443642616
2021,pooled,XGB,fx_DOY_sin,0.027962150052189827
2021,pooled,XGB,fx_SWC_mean,0.010750087909400463
2021,pooled,XGB,fx_SWC_lag7,0.005479708779603243
2021,pooled,XGB,fx_TS_lag14,0.005232945084571838
2021,pooled,XGB,fx_SWC_roll7,0.0039636860601603985
2021,pooled,XGB,fx_SWC_lag21,0.0038246242329478264
2021,pooled,XGB,fx_SWC_roll14,0.0031729124020785093
2021,pooled,XGB,fx_TS_mean,0.0021977906581014395
2021,pooled,XGB,fx_TS_lag7,0.0
2021,pooled,XGB,fx_SWC_lag14,0.0
2021,pooled,XGB,fx_is_growing,0.0
2021,pooled,XGB,fx_is_winter,0.0
2021,pooled,XGB,fx_grazing_active,0.0
2021,pooled,XGB,is_t2,0.0
2021,pooled,LightGBM,fx_lsu_dens,14.372631270448121
2021,pooled,LightGBM,ar_ch4_dlag1,7.845939848765279
2021,pooled,LightGBM,fx_USTAR_mean,2.1094504632924624
2021,pooled,LightGBM,fx_days_since_grazing,1.8170464149230574
2021,pooled,LightGBM,ar_ch4_drm7,1.4464388299993352
2021,pooled,LightGBM,fx_PRECIP_sum,1.3700925413785365
2021,pooled,LightGBM,fx_wd_sin,1.2608111388547196
2021,pooled,LightGBM,ar_ch4_dlag2,0.9553848653020626
2021,pooled,LightGBM,fx_WS_mean,0.6585620681096377
2021,pooled,LightGBM,fx_TS_lag21,0.5927678019752878
2021,pooled,LightGBM,ar_ch4_dlag3,0.5867054460907754
2021,pooled,LightGBM,fx_VPD_mean,0.583041641285425
2021,pooled,LightGBM,is_t9,0.534074985093046
2021,pooled,LightGBM,fx_wd_cos,0.4646716632639395
2021,pooled,LightGBM,fx_SWC_lag28,0.4608445936608301
2021,pooled,LightGBM,fx_TS_lag28,0.41167881424622615
2021,pooled,LightGBM,ar_fc_dlag1,0.3589311371080052
2021,pooled,LightGBM,fx_TA_min,0.28770809923933577
2021,pooled,LightGBM,fx_TA_mean,0.2876142827508224
2021,pooled,LightGBM,fx_TA_max,0.2868502178564289
2021,pooled,LightGBM,fx_DOY_cos,0.19920191627793862
2021,pooled,LightGBM,fx_PPFD_mean,0.1726910166247183
2021,pooled,LightGBM,ar_ch4_dlag7,0.13854728831152713
2021,pooled,LightGBM,fx_TS_roll14,0.10771077455080656
2021,pooled,LightGBM,fx_SWC_mean,0.10493817143454644
2021,pooled,LightGBM,is_t4,0.09334388652841953
2021,pooled,LightGBM,fx_SWIN_mean,0.09190811033267345
2021,pooled,LightGBM,fx_RN_mean,0.09015513335213358
2021,pooled,LightGBM,ar_ch4_dlag14,0.08113782685043977
2021,pooled,LightGBM,fx_TS_lag14,0.07221307241226567
2021,pooled,LightGBM,fx_SWC_lag14,0.0671580427910636
2021,pooled,LightGBM,fx_TS_lag7,0.06348576957520184
2021,pooled,LightGBM,fx_SHF_mean,0.062208783413804404
2021,pooled,LightGBM,fx_SWC_lag7,0.0472864884680768
2021,pooled,LightGBM,fx_SWC_lag21,0.04206586973484512
2021,pooled,LightGBM,fx_SWC_roll7,0.032665582838506006
2021,pooled,LightGBM,fx_DOY_sin,0.029262989838883174
2021,pooled,LightGBM,fx_TS_mean,0.0278138071677799
2021,pooled,LightGBM,fx_SWC_roll14,0.02342861003927789
2021,pooled,LightGBM,fx_grazing_active,0.022693759645198243
2021,pooled,LightGBM,fx_TS_roll7,0.00782524435453256
2021,pooled,LightGBM,fx_is_growing,0.0
2021,pooled,LightGBM,fx_is_winter,0.0
2021,pooled,LightGBM,is_t2,0.0
2022,pooled,RF,fx_lsu_dens,12.684469440835164
2022,pooled,RF,ar_ch4_dlag1,8.674259771070425
2022,pooled,RF,ar_ch4_drm7,3.073632020977016
2022,pooled,RF,fx_USTAR_mean,1.8440832933889155
2022,pooled,RF,ar_ch4_dlag2,1.6577876991510023
2022,pooled,RF,fx_PRECIP_sum,0.9564717080300993
2022,pooled,RF,fx_WS_mean,0.9501041289435536
2022,pooled,RF,fx_wd_sin,0.6795554151990787
2022,pooled,RF,ar_ch4_dlag3,0.5883411714423187
2022,pooled,RF,fx_TS_lag28,0.5241873944830433
2022,pooled,RF,fx_days_since_grazing,0.42514091560524087
2022,pooled,RF,fx_VPD_mean,0.3568485173396683
2022,pooled,RF,fx_wd_cos,0.32313521041469456
2022,pooled,RF,fx_TS_lag21,0.31424656544107743
2022,pooled,RF,fx_SWC_lag28,0.311966464998295
2022,pooled,RF,fx_grazing_active,0.22548302573319526
2022,pooled,RF,fx_DOY_cos,0.2178897938526627
2022,pooled,RF,ar_ch4_dlag7,0.19260899946221363
2022,pooled,RF,fx_TA_max,0.18350388431075468
2022,pooled,RF,fx_SWIN_mean,0.18059618553544265
2022,pooled,RF,fx_SWC_mean,0.17934207598477322
2022,pooled,RF,fx_SWC_roll7,0.1672812295380437
2022,pooled,RF,ar_fc_dlag1,0.1624337593865553
2022,pooled,RF,fx_SWC_lag21,0.15814437913134557
2022,pooled,RF,fx_PPFD_mean,0.15310936290445695
2022,pooled,RF,ar_ch4_dlag14,0.14540439808597633
2022,pooled,RF,fx_TS_lag14,0.13343246568640274
2022,pooled,RF,fx_TA_min,0.12042774287693474
2022,pooled,RF,fx_DOY_sin,0.11982838708654513
2022,pooled,RF,fx_TA_mean,0.11931108814805527
2022,pooled,RF,is_t9,0.11832281928576581
2022,pooled,RF,fx_SHF_mean,0.11620090136936075
2022,pooled,RF,fx_SWC_roll14,0.10264779202908822
2022,pooled,RF,fx_TS_mean,0.10090708310421657
2022,pooled,RF,fx_TS_lag7,0.09758003572659513
2022,pooled,RF,fx_RN_mean,0.09709893294930362
2022,pooled,RF,fx_SWC_lag14,0.09585716967564327
2022,pooled,RF,fx_TS_roll7,0.08544302395115802
2022,pooled,RF,fx_SWC_lag7,0.08395744510013847
2022,pooled,RF,fx_TS_roll14,0.07804953926052798
2022,pooled,RF,fx_is_growing,0.03166837435324491
2022,pooled,RF,is_t4,0.027319854402762432
2022,pooled,RF,is_t2,0.021297118715230892
2022,pooled,RF,fx_is_winter,0.004314716647990701
2022,pooled,XGB,fx_lsu_dens,12.715157508850098
2022,pooled,XGB,ar_ch4_dlag1,9.212437629699707
2022,pooled,XGB,ar_ch4_drm7,2.1072189807891846
2022,pooled,XGB,fx_USTAR_mean,1.8644311428070068
2022,pooled,XGB,fx_PRECIP_sum,1.1854099035263062
2022,pooled,XGB,ar_ch4_dlag2,1.1357048749923706
2022,pooled,XGB,fx_wd_sin,1.0388803482055664
2022,pooled,XGB,fx_WS_mean,0.6350449323654175
2022,pooled,XGB,fx_TS_lag28,0.5350304841995239
2022,pooled,XGB,ar_ch4_dlag3,0.464553564786911
2022,pooled,XGB,fx_days_since_grazing,0.3609884977340698
2022,pooled,XGB,fx_TA_max,0.334745854139328
2022,pooled,XGB,fx_wd_cos,0.32331719994544983
2022,pooled,XGB,ar_fc_dlag1,0.31439948081970215
2022,pooled,XGB,is_t9,0.31015780568122864
2022,pooled,XGB,ar_ch4_dlag7,0.16268770396709442
2022,pooled,XGB,is_t4,0.15350089967250824
2022,pooled,XGB,fx_TA_mean,0.14321859180927277
2022,pooled,XGB,fx_SWC_lag28,0.14219306409358978
2022,pooled,XGB,fx_TS_lag21,0.13446784019470215
2022,pooled,XGB,fx_DOY_cos,0.10385867953300476
2022,pooled,XGB,fx_VPD_mean,0.0682670921087265
2022,pooled,XGB,fx_PPFD_mean,0.04857788607478142
2022,pooled,XGB,ar_ch4_dlag14,0.045061156153678894
2022,pooled,XGB,fx_TS_roll7,0.027495630085468292
2022,pooled,XGB,fx_DOY_sin,0.027459535747766495
2022,pooled,XGB,fx_SWC_lag7,0.0272320918738842
2022,pooled,XGB,fx_TA_min,0.02563314512372017
2022,pooled,XGB,fx_SWC_mean,0.023532304912805557
2022,pooled,XGB,fx_SHF_mean,0.022369135171175003
2022,pooled,XGB,fx_SWC_roll7,0.02152320183813572
2022,pooled,XGB,fx_RN_mean,0.017747577279806137
2022,pooled,XGB,fx_SWC_roll14,0.01759849488735199
2022,pooled,XGB,fx_SWC_lag21,0.013509204611182213
2022,pooled,XGB,fx_TS_mean,0.008943885564804077
2022,pooled,XGB,is_t2,0.005827303975820541
2022,pooled,XGB,fx_TS_lag7,0.005151319783180952
2022,pooled,XGB,fx_SWIN_mean,0.0038016948383301497
2022,pooled,XGB,fx_TS_lag14,0.0
2022,pooled,XGB,fx_SWC_lag14,0.0
2022,pooled,XGB,fx_is_growing,0.0
2022,pooled,XGB,fx_TS_roll14,0.0
2022,pooled,XGB,fx_grazing_active,0.0
2022,pooled,XGB,fx_is_winter,0.0
2022,pooled,LightGBM,fx_lsu_dens,13.97521289867683
2022,pooled,LightGBM,ar_ch4_dlag1,9.343485301223636
2022,pooled,LightGBM,fx_USTAR_mean,2.239541863281808
2022,pooled,LightGBM,ar_ch4_drm7,2.006223694068487
2022,pooled,LightGBM,fx_PRECIP_sum,1.440526741248781
2022,pooled,LightGBM,fx_days_since_grazing,1.1586401287663703
2022,pooled,LightGBM,ar_ch4_dlag2,1.1258837903094914
2022,pooled,LightGBM,fx_WS_mean,1.1218730049872057
2022,pooled,LightGBM,fx_wd_sin,1.0466290778514862
2022,pooled,LightGBM,fx_TS_lag28,0.6108113632461196
2022,pooled,LightGBM,is_t9,0.5003991111812627
2022,pooled,LightGBM,fx_wd_cos,0.49733203223459244
2022,pooled,LightGBM,ar_ch4_dlag3,0.4685660043234591
2022,pooled,LightGBM,ar_fc_dlag1,0.4246102149062703
2022,pooled,LightGBM,fx_TA_max,0.40973369396459547
2022,pooled,LightGBM,fx_SWC_lag28,0.3354720119111614
2022,pooled,LightGBM,fx_VPD_mean,0.30458642094594746
2022,pooled,LightGBM,fx_TS_lag21,0.30266374063712465
2022,pooled,LightGBM,fx_TS_roll14,0.23128240696850536
2022,pooled,LightGBM,is_t4,0.18320898758197743
2022,pooled,LightGBM,fx_PPFD_mean,0.16856533681982458
2022,pooled,LightGBM,ar_ch4_dlag7,0.15787174253256195
2022,pooled,LightGBM,fx_DOY_cos,0.15623844893506844
2022,pooled,LightGBM,fx_SWC_mean,0.15141456678633974
2022,pooled,LightGBM,fx_SWC_lag7,0.1446955279300359
2022,pooled,LightGBM,fx_RN_mean,0.12846761556154768
2022,pooled,LightGBM,fx_SWC_lag14,0.09787666364688938
2022,pooled,LightGBM,fx_SWC_lag21,0.08825761524313315
2022,pooled,LightGBM,fx_DOY_sin,0.08369818411470839
2022,pooled,LightGBM,fx_SWC_roll7,0.07483328632889061
2022,pooled,LightGBM,ar_ch4_dlag14,0.07331264841626771
2022,pooled,LightGBM,fx_TA_min,0.07057171947208898
2022,pooled,LightGBM,fx_TA_mean,0.06672476753105921
2022,pooled,LightGBM,fx_SWIN_mean,0.059926251961037076
2022,pooled,LightGBM,fx_TS_mean,0.059840114868106954
2022,pooled,LightGBM,fx_SHF_mean,0.05643891684845827
2022,pooled,LightGBM,fx_TS_lag7,0.03821349085283222
2022,pooled,LightGBM,fx_SWC_roll14,0.03819361953693905
2022,pooled,LightGBM,fx_TS_roll7,0.03419580619646226
2022,pooled,LightGBM,fx_grazing_active,0.029133376867585385
2022,pooled,LightGBM,fx_TS_lag14,0.020513647376974965
2022,pooled,LightGBM,is_t2,0.0024811253472784
2022,pooled,LightGBM,fx_is_growing,0.0
2022,pooled,LightGBM,fx_is_winter,0.0
