,,Model1,Model1,Model1,Model1,Model1,Model1,VariantA_removal,VariantA_removal,VariantA_removal,VariantA_removal,VariantA_removal,VariantA_removal,VariantB_resample,VariantB_resample,VariantB_resample,VariantB_resample,VariantB_resample,VariantB_resample
,,R2,RMSE,MAE,MASE,WAPE,Correlation,R2,RMSE,MAE,MASE,WAPE,Correlation,R2,RMSE,MAE,MASE,WAPE,Correlation
tower,model,,,,,,,,,,,,,,,,,,
2,RF,-0.108,14.503,10.865,0.689,0.692,0.459,-0.6,16.878,12.909,0.796,0.852,0.244,-0.353,16.751,11.066,0.681,0.686,0.168
2,XGB,-0.153,14.767,10.406,0.638,0.662,0.372,-0.519,16.747,11.696,0.713,0.763,0.215,-0.498,17.521,11.318,0.689,0.703,0.164
2,LightGBM,-0.147,14.643,10.48,0.653,0.663,0.42,-0.561,16.805,11.688,0.718,0.762,0.24,-0.554,17.73,11.377,0.697,0.708,0.161
2,SARIMAX,-1.432,17.687,13.783,0.799,1.008,0.293,-1.643,19.287,14.397,0.832,1.045,0.065,-2.086,19.525,14.475,0.813,1.083,0.038
2,Ensemble_unweighted,-0.185,14.609,10.564,0.646,0.696,0.433,-0.568,16.768,12.011,0.727,0.81,0.241,-0.585,17.336,11.352,0.677,0.745,0.171
2,Ensemble_MASEweighted,-0.179,14.596,10.546,0.645,0.694,0.433,-0.563,16.756,11.994,0.726,0.808,0.241,-0.578,17.332,11.335,0.677,0.742,0.171
2,TFT,-4.661,27.277,20.465,1.28,1.376,0.095,-5.023,25.219,19.106,1.116,1.401,-0.005,-5.112,25.948,19.337,1.092,1.417,-0.043
2,TabPFN,-1.115,21.551,15.403,0.958,0.88,-0.151,-1.384,22.056,16.136,0.999,0.962,-0.043,-1.192,21.21,15.096,0.917,0.907,-0.026
2,DLinear,-8.597,37.396,30.53,1.911,2.125,-0.023,-5.675,26.085,20.61,1.266,1.577,0.052,-5.393,27.194,21.973,1.426,1.577,0.1
2,LSTM,-4.624,27.207,21.449,1.275,1.552,0.017,-9.998,31.79,26.055,1.552,1.954,0.045,-3.962,25.781,19.45,1.111,1.388,0.012
2,TabICLv2,-1.227,21.768,15.83,0.984,0.924,-0.01,-1.487,21.333,15.464,0.938,0.97,-0.014,-1.332,21.56,15.601,0.945,0.951,0.017
4,RF,-1.49,32.612,22.757,0.916,0.89,0.528,-5.366,34.884,24.88,1.048,1.114,0.489,-1.711,34.078,23.308,0.891,0.89,0.503
4,XGB,-1.201,32.473,22.148,0.862,0.828,0.5,-3.324,33.883,23.082,0.941,0.958,0.45,-0.936,33.419,22.131,0.83,0.79,0.468
4,LightGBM,-1.171,32.513,22.247,0.865,0.835,0.506,-2.475,34.27,23.313,0.925,0.934,0.476,-1.059,34.178,22.847,0.847,0.809,0.473
4,SARIMAX,-0.59,33.935,24.323,0.89,0.858,0.524,-0.519,33.933,24.202,0.888,0.851,0.392,-0.246,33.993,23.752,0.864,0.804,0.445
4,Ensemble_unweighted,-0.465,31.827,21.866,0.827,0.782,0.535,-2.438,33.483,23.121,0.919,0.937,0.501,-0.782,33.265,22.342,0.828,0.797,0.498
4,Ensemble_MASEweighted,-0.484,31.831,21.864,0.827,0.784,0.534,-2.459,33.493,23.117,0.919,0.937,0.501,-0.789,33.271,22.336,0.828,0.797,0.498
4,TFT,-1.972,37.779,25.576,1.052,0.97,0.398,-0.519,37.893,25.994,0.983,0.869,0.334,-1.567,40.565,27.811,1.073,0.996,0.268
4,TabPFN,-0.334,38.434,24.069,0.842,0.769,0.498,-0.287,38.806,24.239,0.838,0.754,0.495,-0.415,39.379,24.63,0.86,0.783,0.492
4,DLinear,-10.332,51.831,40.454,1.891,1.82,0.256,-4.376,42.591,31.628,1.348,1.278,0.312,-4.332,44.6,33.987,1.515,1.333,0.296
4,LSTM,-1.311,44.948,30.674,1.14,1.041,0.3,-1.255,45.703,31.317,1.159,1.01,0.253,-0.865,44.508,29.369,1.056,0.93,0.24
4,TabICLv2,-0.694,40.749,26.666,0.953,0.853,0.402,-0.899,41.732,27.021,0.977,0.874,0.333,-0.591,41.659,26.931,0.945,0.849,0.337
9,RF,-0.18,30.44,21.13,0.793,0.686,0.601,-0.382,34.146,24.127,0.894,0.771,0.52,-0.238,34.257,23.574,0.821,0.712,0.534
9,XGB,-0.152,29.91,20.559,0.782,0.665,0.576,-0.18,32.493,22.137,0.812,0.694,0.473,-0.085,33.585,22.285,0.769,0.648,0.5
9,LightGBM,-0.12,31.161,21.878,0.804,0.685,0.564,-0.147,33.715,23.473,0.833,0.698,0.488,-0.119,34.994,23.775,0.798,0.669,0.494
9,SARIMAX,-0.991,36.017,26.886,1.141,0.893,0.572,-1.47,38.074,28.765,1.248,0.94,0.449,-0.572,35.831,26.118,1.06,0.814,0.431
9,Ensemble_unweighted,0.081,29.736,20.56,0.781,0.635,0.601,-0.076,32.547,22.762,0.855,0.69,0.538,-0.011,33.026,22.371,0.78,0.647,0.525
9,Ensemble_MASEweighted,0.079,29.721,20.543,0.779,0.635,0.6,-0.074,32.53,22.732,0.853,0.69,0.537,-0.011,33.039,22.362,0.778,0.646,0.525
9,TFT,-1.819,46.956,32.803,1.23,0.969,0.255,-0.646,41.722,29.434,1.055,0.856,0.272,-0.873,41.702,29.474,1.045,0.859,0.245
9,TabPFN,-0.617,45.596,32.094,1.047,0.828,0.415,-0.641,45.406,31.735,1.046,0.829,0.374,-0.705,46.765,33.082,1.078,0.853,0.292
9,DLinear,-4.753,52.312,40.686,1.753,1.452,0.215,-1.865,42.774,32.269,1.299,1.084,0.285,-1.985,43.248,33.533,1.4,1.147,0.325
9,LSTM,-5.372,53.365,39.383,1.577,1.371,0.188,-3.233,51.681,37.676,1.467,1.252,0.117,-1.734,48.513,35.772,1.3,1.081,0.195
9,TabICLv2,-0.737,47.169,33.299,1.093,0.878,0.182,-0.699,47.502,33.539,1.083,0.861,0.183,-0.717,47.266,33.415,1.087,0.872,0.125
